Using pre-set license
Built from '2022.3/staging' branch; Version is '2022.3.52f1 (1120fcb54228) revision 1122556'; Using compiler version '192829333'; Build Type 'Release'
OS: 'Windows 11  (10.0.22631) 64bit Core' Language: 'nl' Physical Memory: 14198 MB
BatchMode: 1, IsHumanControllingUs: 0, StartBugReporterOnCrash: 0, Is64bit: 1, IsPro: 1

COMMAND LINE ARGUMENTS:
C:\Program Files\Unity\Hub\Editor\2022.3.52f1\Editor\Unity.exe
-adb2
-batchMode
-noUpm
-name
AssetImportWorker8
-projectPath
C:/Users/danib/OneDrive/Documents/GitHub/Project-P3
-logFile
Logs/AssetImportWorker8.log
-srvPort
58427
Successfully changed project path to: C:/Users/danib/OneDrive/Documents/GitHub/Project-P3
C:/Users/danib/OneDrive/Documents/GitHub/Project-P3
[UnityMemory] Configuration Parameters - Can be set up in boot.config
    "memorysetup-bucket-allocator-granularity=16"
    "memorysetup-bucket-allocator-bucket-count=8"
    "memorysetup-bucket-allocator-block-size=33554432"
    "memorysetup-bucket-allocator-block-count=8"
    "memorysetup-main-allocator-block-size=16777216"
    "memorysetup-thread-allocator-block-size=16777216"
    "memorysetup-gfx-main-allocator-block-size=16777216"
    "memorysetup-gfx-thread-allocator-block-size=16777216"
    "memorysetup-cache-allocator-block-size=4194304"
    "memorysetup-typetree-allocator-block-size=2097152"
    "memorysetup-profiler-bucket-allocator-granularity=16"
    "memorysetup-profiler-bucket-allocator-bucket-count=8"
    "memorysetup-profiler-bucket-allocator-block-size=33554432"
    "memorysetup-profiler-bucket-allocator-block-count=8"
    "memorysetup-profiler-allocator-block-size=16777216"
    "memorysetup-profiler-editor-allocator-block-size=1048576"
    "memorysetup-temp-allocator-size-main=16777216"
    "memorysetup-job-temp-allocator-block-size=2097152"
    "memorysetup-job-temp-allocator-block-size-background=1048576"
    "memorysetup-job-temp-allocator-reduction-small-platforms=262144"
    "memorysetup-allocator-temp-initial-block-size-main=262144"
    "memorysetup-allocator-temp-initial-block-size-worker=262144"
    "memorysetup-temp-allocator-size-background-worker=32768"
    "memorysetup-temp-allocator-size-job-worker=262144"
    "memorysetup-temp-allocator-size-preload-manager=33554432"
    "memorysetup-temp-allocator-size-nav-mesh-worker=65536"
    "memorysetup-temp-allocator-size-audio-worker=65536"
    "memorysetup-temp-allocator-size-cloud-worker=32768"
    "memorysetup-temp-allocator-size-gi-baking-worker=262144"
    "memorysetup-temp-allocator-size-gfx=262144"
Player connection [79892]  Target information:

Player connection [79892]  * "[IP] 10.32.99.83 [Port] 0 [Flags] 2 [Guid] 3503938422 [EditorId] 3503938422 [Version] 1048832 [Id] WindowsEditor(7,LaptopDMB) [Debug] 1 [PackageName] WindowsEditor [ProjectName] Editor" 

Player connection [79892] Host joined multi-casting on [225.0.0.222:54997]...
Player connection [79892] Host joined alternative multi-casting on [225.0.0.222:34997]...
[PhysX] Initialized MultithreadedTaskDispatcher with 16 workers.
Refreshing native plugins compatible for Editor in 355.26 ms, found 3 plugins.
Preloading 0 native plugins for Editor in 0.00 ms.
Initialize engine version: 2022.3.52f1 (1120fcb54228)
[Subsystems] Discovering subsystems at path C:/Program Files/Unity/Hub/Editor/2022.3.52f1/Editor/Data/Resources/UnitySubsystems
[Subsystems] Discovering subsystems at path C:/Users/danib/OneDrive/Documents/GitHub/Project-P3/Assets
GfxDevice: creating device client; threaded=0; jobified=0
Direct3D:
    Version:  Direct3D 11.0 [level 11.1]
    Renderer: AMD Radeon(TM) Graphics (ID=0x1638)
    Vendor:   ATI
    VRAM:     7099 MB
    Driver:   31.0.12044.47003
Initialize mono
Mono path[0] = 'C:/Program Files/Unity/Hub/Editor/2022.3.52f1/Editor/Data/Managed'
Mono path[1] = 'C:/Program Files/Unity/Hub/Editor/2022.3.52f1/Editor/Data/MonoBleedingEdge/lib/mono/unityjit-win32'
Mono config path = 'C:/Program Files/Unity/Hub/Editor/2022.3.52f1/Editor/Data/MonoBleedingEdge/etc'
Using monoOptions --debugger-agent=transport=dt_socket,embedding=1,server=y,suspend=n,address=127.0.0.1:56760
Begin MonoManager ReloadAssembly
Registering precompiled unity dll's ...
Register platform support module: C:/Program Files/Unity/Hub/Editor/2022.3.52f1/Editor/Data/PlaybackEngines/AndroidPlayer/UnityEditor.Android.Extensions.dll
Register platform support module: C:/Program Files/Unity/Hub/Editor/2022.3.52f1/Editor/Data/PlaybackEngines/WindowsStandaloneSupport/UnityEditor.WindowsStandalone.Extensions.dll
Registered in 0.011491 seconds.
- Loaded All Assemblies, in  0.810 seconds
Native extension for WindowsStandalone target not found
Native extension for Android target not found
Android Extension - Scanning For ADB Devices 485 ms
Mono: successfully reloaded assembly
- Finished resetting the current domain, in  0.834 seconds
Domain Reload Profiling: 1642ms
	BeginReloadAssembly (231ms)
		ExecutionOrderSort (0ms)
		DisableScriptedObjects (0ms)
		BackupInstance (0ms)
		ReleaseScriptingObjects (0ms)
		CreateAndSetChildDomain (1ms)
	RebuildCommonClasses (291ms)
	RebuildNativeTypeToScriptingClass (35ms)
	initialDomainReloadingComplete (96ms)
	LoadAllAssembliesAndSetupDomain (156ms)
		LoadAssemblies (227ms)
		RebuildTransferFunctionScriptingTraits (0ms)
		AnalyzeDomain (153ms)
			TypeCache.Refresh (151ms)
				TypeCache.ScanAssembly (137ms)
			ScanForSourceGeneratedMonoScriptInfo (1ms)
			ResolveRequiredComponents (1ms)
	FinalizeReload (834ms)
		ReleaseScriptCaches (0ms)
		RebuildScriptCaches (0ms)
		SetupLoadedEditorAssemblies (789ms)
			LogAssemblyErrors (0ms)
			InitializePlatformSupportModulesInManaged (588ms)
			SetLoadedEditorAssemblies (5ms)
			RefreshPlugins (0ms)
			BeforeProcessingInitializeOnLoad (2ms)
			ProcessInitializeOnLoadAttributes (124ms)
			ProcessInitializeOnLoadMethodAttributes (70ms)
			AfterProcessingInitializeOnLoad (0ms)
			EditorAssembliesLoaded (0ms)
		ExecutionOrderSort2 (0ms)
		AwakeInstancesAfterBackupRestoration (0ms)
========================================================================
Worker process is ready to serve import requests
Caller must complete domain reload
Begin MonoManager ReloadAssembly
- Loaded All Assemblies, in  0.712 seconds
Native extension for WindowsStandalone target not found
Native extension for Android target not found
Mono: successfully reloaded assembly
- Finished resetting the current domain, in  0.935 seconds
Domain Reload Profiling: 1640ms
	BeginReloadAssembly (176ms)
		ExecutionOrderSort (0ms)
		DisableScriptedObjects (5ms)
		BackupInstance (0ms)
		ReleaseScriptingObjects (0ms)
		CreateAndSetChildDomain (27ms)
	RebuildCommonClasses (28ms)
	RebuildNativeTypeToScriptingClass (10ms)
	initialDomainReloadingComplete (41ms)
	LoadAllAssembliesAndSetupDomain (449ms)
		LoadAssemblies (366ms)
		RebuildTransferFunctionScriptingTraits (0ms)
		AnalyzeDomain (171ms)
			TypeCache.Refresh (150ms)
				TypeCache.ScanAssembly (134ms)
			ScanForSourceGeneratedMonoScriptInfo (15ms)
			ResolveRequiredComponents (4ms)
	FinalizeReload (936ms)
		ReleaseScriptCaches (0ms)
		RebuildScriptCaches (0ms)
		SetupLoadedEditorAssemblies (698ms)
			LogAssemblyErrors (0ms)
			InitializePlatformSupportModulesInManaged (48ms)
			SetLoadedEditorAssemblies (16ms)
			RefreshPlugins (0ms)
			BeforeProcessingInitializeOnLoad (132ms)
			ProcessInitializeOnLoadAttributes (472ms)
			ProcessInitializeOnLoadMethodAttributes (22ms)
			AfterProcessingInitializeOnLoad (7ms)
			EditorAssembliesLoaded (0ms)
		ExecutionOrderSort2 (0ms)
		AwakeInstancesAfterBackupRestoration (6ms)
Launched and connected shader compiler UnityShaderCompiler.exe after 0.07 seconds
Refreshing native plugins compatible for Editor in 5.29 ms, found 3 plugins.
Preloading 0 native plugins for Editor in 0.00 ms.
Unloading 3113 Unused Serialized files (Serialized files now loaded: 0)
Unloading 19 unused Assets / (54.9 KB). Loaded Objects now: 3581.
Memory consumption went from 121.3 MB to 121.3 MB.
Total: 2.870000 ms (FindLiveObjects: 0.244200 ms CreateObjectMapping: 0.098600 ms MarkObjects: 2.431500 ms  DeleteObjects: 0.094500 ms)

AssetImportParameters requested are different than current active one (requested -> active):
  custom:container-demuxer-ogg: 62fdf1f143b41e24485cea50d1cbac27 -> 
  custom:video-codec-MediaFoundation-h265: 746d11721c4dcdbdad8f713fa42b33f4 -> 
  custom:video-decoder-ogg-theora: a1e56fd34408186e4bbccfd4996cb3dc -> 
  custom:framework-win-MediaFoundation: 216162199b28c13a410421893ffa2e32 -> 
  custom:CustomObjectIndexerAttribute: 9a22284fe3817be447336de3de66b15e -> 
  custom:scripting/monoscript/fileName/LayerTrigger.cs: fe0a7a1180c82483faf6ec99de852c15 -> 949eaa5cbbace5cb99a3cd3cb175e850
  custom:container-demuxer-webm: 4f35f7cbe854078d1ac9338744f61a02 -> 
  custom:scripting/monoscript/fileName/SpriteColorAnimation.cs: efe4917a546508cbf214152f66b562cd -> 4b60499cc4c43b7b4a7721f49f3235e7
  custom:scripting/monoscript/fileName/CameraFollow.cs: 8f57d6ad58855258db29de8de1bbaf85 -> 0eb351f923cdcb0d7750461aab444863
  custom:container-muxer-webm: aa71ff27fc2769a1b78a27578f13a17b -> 
  custom:video-decoder-webm-vp8: 9c59270c3fd7afecdb556c50c9e8de78 -> 
  custom:SearchIndexIgnoredProperties: e643bd26f0fe6173181afceb89e7c659 -> 
  custom:AudioImporter_EditorPlatform: d09bf68614088b80899f8185d706f6e7 -> 
  custom:scripting/monoscript/fileName/TopDownCharacterController.cs: 85ecbe8402e05a9d0992ceca555d6d4c -> 6a72fae984a5b5ba0e1cf975f6787b9a
  custom:video-encoder-webm-vp8: eb34c28f22e8b96e1ab97ce403110664 -> 
  custom:scripting/monoscript/fileName/PropsAltar.cs: 8c0ffd56ed4d849ee24a9d8607151675 -> 330897db6e74a178c13f23e82287a5f7
  custom:audio-decoder-ogg-vorbis: bf7c407c2cedff20999df2af8eb42d56 -> 
  custom:audio-encoder-webm-vorbis: bf7c407c2cedff20999df2af8eb42d56 -> 
========================================================================
Received Import Request.
  Time since last request: 589505.718770 seconds.
  path: Assets/Tiles/Cyberpunk Street Assets/Assets - 70 DPI (Roll20)/Crate 1 - 1x1.png
  artifactKey: Guid(48eeb34658de14a43aa93134d7cca350) Importer(815301076,1909f56bfc062723c751e8b465ee728b)
Start importing Assets/Tiles/Cyberpunk Street Assets/Assets - 70 DPI (Roll20)/Crate 1 - 1x1.png using Guid(48eeb34658de14a43aa93134d7cca350) Importer(815301076,1909f56bfc062723c751e8b465ee728b) [PhysX] Initialized MultithreadedTaskDispatcher with 16 workers.
[PhysX] Initialized MultithreadedTaskDispatcher with 16 workers.
 -> (artifact id: '8299207cf5aaa8557316e0928baeb101') in 0.139698 seconds
Number of updated asset objects reloaded before import = 0
Number of asset objects unloaded after import = 3
========================================================================
Received Import Request.
  Time since last request: 0.041200 seconds.
  path: Assets/Tiles/Cyberpunk Street Assets/Assets - 70 DPI (Roll20)/Crime scene chalk outline - 2x2.png
  artifactKey: Guid(eafcc54bb082a074e9a3a413278bc427) Importer(815301076,1909f56bfc062723c751e8b465ee728b)
Start importing Assets/Tiles/Cyberpunk Street Assets/Assets - 70 DPI (Roll20)/Crime scene chalk outline - 2x2.png using Guid(eafcc54bb082a074e9a3a413278bc427) Importer(815301076,1909f56bfc062723c751e8b465ee728b) [PhysX] Initialized MultithreadedTaskDispatcher with 16 workers.
[PhysX] Initialized MultithreadedTaskDispatcher with 16 workers.
 -> (artifact id: '945cf5cf3d84aced2f78e78edc929fc0') in 0.019359 seconds
Number of updated asset objects reloaded before import = 0
Number of asset objects unloaded after import = 3
========================================================================
Received Import Request.
  Time since last request: 0.003577 seconds.
  path: Assets/Tiles/Cyberpunk Street Assets/Assets - 70 DPI (Roll20)/Dumpster 1 - 2x2.png
  artifactKey: Guid(48796f11307155b4ca2e97977a9e543e) Importer(815301076,1909f56bfc062723c751e8b465ee728b)
Start importing Assets/Tiles/Cyberpunk Street Assets/Assets - 70 DPI (Roll20)/Dumpster 1 - 2x2.png using Guid(48796f11307155b4ca2e97977a9e543e) Importer(815301076,1909f56bfc062723c751e8b465ee728b) [PhysX] Initialized MultithreadedTaskDispatcher with 16 workers.
[PhysX] Initialized MultithreadedTaskDispatcher with 16 workers.
 -> (artifact id: '4490d116f184064062492fb5f350bc51') in 0.015924 seconds
Number of updated asset objects reloaded before import = 0
Number of asset objects unloaded after import = 3
========================================================================
Received Import Request.
  Time since last request: 0.007510 seconds.
  path: Assets/Tiles/Cyberpunk Street Assets/Assets - 70 DPI (Roll20)/Dumpster 2 - 2x2.png
  artifactKey: Guid(f6b353243b297cc40b3b3f5dd260ab3e) Importer(815301076,1909f56bfc062723c751e8b465ee728b)
Start importing Assets/Tiles/Cyberpunk Street Assets/Assets - 70 DPI (Roll20)/Dumpster 2 - 2x2.png using Guid(f6b353243b297cc40b3b3f5dd260ab3e) Importer(815301076,1909f56bfc062723c751e8b465ee728b) [PhysX] Initialized MultithreadedTaskDispatcher with 16 workers.
[PhysX] Initialized MultithreadedTaskDispatcher with 16 workers.
 -> (artifact id: '199797bf93783e9b7de71d8a96e9f55a') in 0.016566 seconds
Number of updated asset objects reloaded before import = 0
Number of asset objects unloaded after import = 3
========================================================================
Received Import Request.
  Time since last request: 0.006595 seconds.
  path: Assets/Tiles/Cyberpunk Street Assets/Assets - 70 DPI (Roll20)/Dumpster 3 - 2x2.png
  artifactKey: Guid(1544bd5db50274c429f26e706f09efcf) Importer(815301076,1909f56bfc062723c751e8b465ee728b)
Start importing Assets/Tiles/Cyberpunk Street Assets/Assets - 70 DPI (Roll20)/Dumpster 3 - 2x2.png using Guid(1544bd5db50274c429f26e706f09efcf) Importer(815301076,1909f56bfc062723c751e8b465ee728b) [PhysX] Initialized MultithreadedTaskDispatcher with 16 workers.
[PhysX] Initialized MultithreadedTaskDispatcher with 16 workers.
 -> (artifact id: '8dbfe845e7d67d99f6bc29d27882c867') in 0.018587 seconds
Number of updated asset objects reloaded before import = 0
Number of asset objects unloaded after import = 3
========================================================================
Received Import Request.
  Time since last request: 7.698945 seconds.
  path: Assets/Tiles/Cyberpunk Street Assets/Assets - 70 DPI (Roll20)/Dumpster 4 - Blue - 2x1.png
  artifactKey: Guid(03d9093cf29700241be13c1e036a12fa) Importer(815301076,1909f56bfc062723c751e8b465ee728b)
Start importing Assets/Tiles/Cyberpunk Street Assets/Assets - 70 DPI (Roll20)/Dumpster 4 - Blue - 2x1.png using Guid(03d9093cf29700241be13c1e036a12fa) Importer(815301076,1909f56bfc062723c751e8b465ee728b) [PhysX] Initialized MultithreadedTaskDispatcher with 16 workers.
[PhysX] Initialized MultithreadedTaskDispatcher with 16 workers.
 -> (artifact id: 'e709870ab98de074dcbbf997f9ac6f94') in 0.015786 seconds
Number of updated asset objects reloaded before import = 0
Number of asset objects unloaded after import = 3
========================================================================
Received Import Request.
  Time since last request: 0.007959 seconds.
  path: Assets/Tiles/Cyberpunk Street Assets/Assets - 70 DPI (Roll20)/Fence 1 - Post - 1x1.png
  artifactKey: Guid(0420c91c2a9d5b34984772be8f82b9c5) Importer(815301076,1909f56bfc062723c751e8b465ee728b)
Start importing Assets/Tiles/Cyberpunk Street Assets/Assets - 70 DPI (Roll20)/Fence 1 - Post - 1x1.png using Guid(0420c91c2a9d5b34984772be8f82b9c5) Importer(815301076,1909f56bfc062723c751e8b465ee728b) [PhysX] Initialized MultithreadedTaskDispatcher with 16 workers.
[PhysX] Initialized MultithreadedTaskDispatcher with 16 workers.
 -> (artifact id: '38465fcbf70ab92ed2a8b1188d2bebaf') in 0.012994 seconds
Number of updated asset objects reloaded before import = 0
Number of asset objects unloaded after import = 3
========================================================================
Received Import Request.
  Time since last request: 0.024667 seconds.
  path: Assets/Tiles/Cyberpunk Street Assets/Assets - 70 DPI (Roll20)/Fence 4 - Blue - 1x1.png
  artifactKey: Guid(42dcb1252f07d7d48be72a687ca9d453) Importer(815301076,1909f56bfc062723c751e8b465ee728b)
Start importing Assets/Tiles/Cyberpunk Street Assets/Assets - 70 DPI (Roll20)/Fence 4 - Blue - 1x1.png using Guid(42dcb1252f07d7d48be72a687ca9d453) Importer(815301076,1909f56bfc062723c751e8b465ee728b) [PhysX] Initialized MultithreadedTaskDispatcher with 16 workers.
[PhysX] Initialized MultithreadedTaskDispatcher with 16 workers.
 -> (artifact id: 'f18748a4e6d6ebe23d6a804c3b172968') in 0.014515 seconds
Number of updated asset objects reloaded before import = 0
Number of asset objects unloaded after import = 3
========================================================================
Received Import Request.
  Time since last request: 0.042956 seconds.
  path: Assets/Tiles/Cyberpunk Street Assets/Assets - 70 DPI (Roll20)/Fire hydrant - Orange - 1x1.png
  artifactKey: Guid(79d3cba2c9c94a5478dac9018a2abe31) Importer(815301076,1909f56bfc062723c751e8b465ee728b)
Start importing Assets/Tiles/Cyberpunk Street Assets/Assets - 70 DPI (Roll20)/Fire hydrant - Orange - 1x1.png using Guid(79d3cba2c9c94a5478dac9018a2abe31) Importer(815301076,1909f56bfc062723c751e8b465ee728b) [PhysX] Initialized MultithreadedTaskDispatcher with 16 workers.
[PhysX] Initialized MultithreadedTaskDispatcher with 16 workers.
 -> (artifact id: 'c7dd5bde7de3cb340de5f97192bd8fad') in 0.014039 seconds
Number of updated asset objects reloaded before import = 0
Number of asset objects unloaded after import = 3
========================================================================
Received Import Request.
  Time since last request: 0.006889 seconds.
  path: Assets/Tiles/Cyberpunk Street Assets/Assets - 70 DPI (Roll20)/Grate 3 - 1x1.png
  artifactKey: Guid(4586d8d989d6c044b851839f1a627592) Importer(815301076,1909f56bfc062723c751e8b465ee728b)
Start importing Assets/Tiles/Cyberpunk Street Assets/Assets - 70 DPI (Roll20)/Grate 3 - 1x1.png using Guid(4586d8d989d6c044b851839f1a627592) Importer(815301076,1909f56bfc062723c751e8b465ee728b) [PhysX] Initialized MultithreadedTaskDispatcher with 16 workers.
[PhysX] Initialized MultithreadedTaskDispatcher with 16 workers.
 -> (artifact id: 'ecffe8c21cc4f50f2d6041bf531a1da6') in 0.015294 seconds
Number of updated asset objects reloaded before import = 0
Number of asset objects unloaded after import = 3
========================================================================
Received Import Request.
  Time since last request: 0.006671 seconds.
  path: Assets/Tiles/Cyberpunk Street Assets/Assets - 70 DPI (Roll20)/Hologram projector - 1x1.png
  artifactKey: Guid(f870e9815e0c3e7459f57d9375e85d6d) Importer(815301076,1909f56bfc062723c751e8b465ee728b)
Start importing Assets/Tiles/Cyberpunk Street Assets/Assets - 70 DPI (Roll20)/Hologram projector - 1x1.png using Guid(f870e9815e0c3e7459f57d9375e85d6d) Importer(815301076,1909f56bfc062723c751e8b465ee728b) [PhysX] Initialized MultithreadedTaskDispatcher with 16 workers.
[PhysX] Initialized MultithreadedTaskDispatcher with 16 workers.
 -> (artifact id: '00cf594037a8baea08e2dbb1246f7dcd') in 0.014996 seconds
Number of updated asset objects reloaded before import = 0
Number of asset objects unloaded after import = 3
========================================================================
Received Import Request.
  Time since last request: 0.007105 seconds.
  path: Assets/Tiles/Cyberpunk Street Assets/Assets - 70 DPI (Roll20)/Manhole 1 - 1x1.png
  artifactKey: Guid(8326eb01dc5466d4182362756dba9add) Importer(815301076,1909f56bfc062723c751e8b465ee728b)
Start importing Assets/Tiles/Cyberpunk Street Assets/Assets - 70 DPI (Roll20)/Manhole 1 - 1x1.png using Guid(8326eb01dc5466d4182362756dba9add) Importer(815301076,1909f56bfc062723c751e8b465ee728b) [PhysX] Initialized MultithreadedTaskDispatcher with 16 workers.
[PhysX] Initialized MultithreadedTaskDispatcher with 16 workers.
 -> (artifact id: '047608985f9e5b654468c041a6ba1e4f') in 0.023698 seconds
Number of updated asset objects reloaded before import = 0
Number of asset objects unloaded after import = 3
========================================================================
Received Import Request.
  Time since last request: 125.130936 seconds.
  path: Assets/Tiles/Cyberpunk Street Assets/Assets - 70 DPI (Roll20)/Merchant stall 1 - 3x2.png
  artifactKey: Guid(b3feee89830649847938e444041b2b0f) Importer(815301076,1909f56bfc062723c751e8b465ee728b)
Start importing Assets/Tiles/Cyberpunk Street Assets/Assets - 70 DPI (Roll20)/Merchant stall 1 - 3x2.png using Guid(b3feee89830649847938e444041b2b0f) Importer(815301076,1909f56bfc062723c751e8b465ee728b) [PhysX] Initialized MultithreadedTaskDispatcher with 16 workers.
[PhysX] Initialized MultithreadedTaskDispatcher with 16 workers.
 -> (artifact id: '6ebce4c0752117a9299231949ae515e1') in 0.017614 seconds
Number of updated asset objects reloaded before import = 0
Number of asset objects unloaded after import = 3
========================================================================
Received Import Request.
  Time since last request: 0.000148 seconds.
  path: Assets/Tiles/Cyberpunk Street Assets/Assets - 70 DPI (Roll20)/Merchant stall 1 - Orange - 3x2.png
  artifactKey: Guid(25c8019be934a0d4b8e296646cc6171e) Importer(815301076,1909f56bfc062723c751e8b465ee728b)
Start importing Assets/Tiles/Cyberpunk Street Assets/Assets - 70 DPI (Roll20)/Merchant stall 1 - Orange - 3x2.png using Guid(25c8019be934a0d4b8e296646cc6171e) Importer(815301076,1909f56bfc062723c751e8b465ee728b) [PhysX] Initialized MultithreadedTaskDispatcher with 16 workers.
[PhysX] Initialized MultithreadedTaskDispatcher with 16 workers.
 -> (artifact id: '11f115f3a2abd8f9360e45cf48554907') in 0.015290 seconds
Number of updated asset objects reloaded before import = 0
Number of asset objects unloaded after import = 3
========================================================================
Received Import Request.
  Time since last request: 0.000124 seconds.
  path: Assets/Tiles/Cyberpunk Street Assets/Assets - 70 DPI (Roll20)/Merchant stall 2 - Blue - 3x2.png
  artifactKey: Guid(292d8b38400fbf144ab0010d0b1a106b) Importer(815301076,1909f56bfc062723c751e8b465ee728b)
Start importing Assets/Tiles/Cyberpunk Street Assets/Assets - 70 DPI (Roll20)/Merchant stall 2 - Blue - 3x2.png using Guid(292d8b38400fbf144ab0010d0b1a106b) Importer(815301076,1909f56bfc062723c751e8b465ee728b) [PhysX] Initialized MultithreadedTaskDispatcher with 16 workers.
[PhysX] Initialized MultithreadedTaskDispatcher with 16 workers.
 -> (artifact id: 'f20f83fc91a9d80e1790fb3e91cfb898') in 0.015193 seconds
Number of updated asset objects reloaded before import = 0
Number of asset objects unloaded after import = 3
========================================================================
Received Import Request.
  Time since last request: 0.000021 seconds.
  path: Assets/Tiles/Cyberpunk Street Assets/Assets - 70 DPI (Roll20)/Noodle lunch - 1x1.png
  artifactKey: Guid(b799333b4359689439e3437e38973e1a) Importer(815301076,1909f56bfc062723c751e8b465ee728b)
Start importing Assets/Tiles/Cyberpunk Street Assets/Assets - 70 DPI (Roll20)/Noodle lunch - 1x1.png using Guid(b799333b4359689439e3437e38973e1a) Importer(815301076,1909f56bfc062723c751e8b465ee728b) [PhysX] Initialized MultithreadedTaskDispatcher with 16 workers.
[PhysX] Initialized MultithreadedTaskDispatcher with 16 workers.
 -> (artifact id: '222670061490283ab6da08712e4a2481') in 0.014640 seconds
Number of updated asset objects reloaded before import = 0
Number of asset objects unloaded after import = 3
========================================================================
Received Import Request.
  Time since last request: 0.000015 seconds.
  path: Assets/Tiles/Cyberpunk Street Assets/Assets - 70 DPI (Roll20)/Overgrowth 1 - 2x1.png
  artifactKey: Guid(5dc2296dc611a1445b8d0194dfd08619) Importer(815301076,1909f56bfc062723c751e8b465ee728b)
Start importing Assets/Tiles/Cyberpunk Street Assets/Assets - 70 DPI (Roll20)/Overgrowth 1 - 2x1.png using Guid(5dc2296dc611a1445b8d0194dfd08619) Importer(815301076,1909f56bfc062723c751e8b465ee728b) [PhysX] Initialized MultithreadedTaskDispatcher with 16 workers.
[PhysX] Initialized MultithreadedTaskDispatcher with 16 workers.
 -> (artifact id: '5e2c641306c265bd342a1163d12308b6') in 0.014391 seconds
Number of updated asset objects reloaded before import = 0
Number of asset objects unloaded after import = 3
========================================================================
Received Import Request.
  Time since last request: 0.000017 seconds.
  path: Assets/Tiles/Cyberpunk Street Assets/Assets - 70 DPI (Roll20)/Paint spatter 1 - 1x1.png
  artifactKey: Guid(38188e4dfe680ba48a976ca56766ef3a) Importer(815301076,1909f56bfc062723c751e8b465ee728b)
Start importing Assets/Tiles/Cyberpunk Street Assets/Assets - 70 DPI (Roll20)/Paint spatter 1 - 1x1.png using Guid(38188e4dfe680ba48a976ca56766ef3a) Importer(815301076,1909f56bfc062723c751e8b465ee728b) [PhysX] Initialized MultithreadedTaskDispatcher with 16 workers.
[PhysX] Initialized MultithreadedTaskDispatcher with 16 workers.
 -> (artifact id: 'da21b36f2855bef3336f7f029efbf8cc') in 0.013971 seconds
Number of updated asset objects reloaded before import = 0
Number of asset objects unloaded after import = 3
========================================================================
Received Import Request.
  Time since last request: 0.035817 seconds.
  path: Assets/Tiles/Cyberpunk Street Assets/Assets - 70 DPI (Roll20)/Paint spill 1 - 1x1.png
  artifactKey: Guid(54283db37d64a2f4d972aa24f613a8eb) Importer(815301076,1909f56bfc062723c751e8b465ee728b)
Start importing Assets/Tiles/Cyberpunk Street Assets/Assets - 70 DPI (Roll20)/Paint spill 1 - 1x1.png using Guid(54283db37d64a2f4d972aa24f613a8eb) Importer(815301076,1909f56bfc062723c751e8b465ee728b) [PhysX] Initialized MultithreadedTaskDispatcher with 16 workers.
[PhysX] Initialized MultithreadedTaskDispatcher with 16 workers.
 -> (artifact id: 'dcb70aa694b5ce74e0072963ac5dc2e4') in 0.014435 seconds
Number of updated asset objects reloaded before import = 0
Number of asset objects unloaded after import = 3
========================================================================
Received Import Request.
  Time since last request: 0.000403 seconds.
  path: Assets/Tiles/Cyberpunk Street Assets/Assets - 70 DPI (Roll20)/Painted flame - 1x1.png
  artifactKey: Guid(cf2e1d87bacc6534a87c799aa0448705) Importer(815301076,1909f56bfc062723c751e8b465ee728b)
Start importing Assets/Tiles/Cyberpunk Street Assets/Assets - 70 DPI (Roll20)/Painted flame - 1x1.png using Guid(cf2e1d87bacc6534a87c799aa0448705) Importer(815301076,1909f56bfc062723c751e8b465ee728b) [PhysX] Initialized MultithreadedTaskDispatcher with 16 workers.
[PhysX] Initialized MultithreadedTaskDispatcher with 16 workers.
 -> (artifact id: '875f0f82dfd5f67334d784244c3904ff') in 0.014594 seconds
Number of updated asset objects reloaded before import = 0
Number of asset objects unloaded after import = 3
========================================================================
Received Import Request.
  Time since last request: 0.000018 seconds.
  path: Assets/Tiles/Cyberpunk Street Assets/Assets - 70 DPI (Roll20)/Painted Simba - 1x1.png
  artifactKey: Guid(41683ab9ce033de4d8012016e9f169ce) Importer(815301076,1909f56bfc062723c751e8b465ee728b)
Start importing Assets/Tiles/Cyberpunk Street Assets/Assets - 70 DPI (Roll20)/Painted Simba - 1x1.png using Guid(41683ab9ce033de4d8012016e9f169ce) Importer(815301076,1909f56bfc062723c751e8b465ee728b) [PhysX] Initialized MultithreadedTaskDispatcher with 16 workers.
[PhysX] Initialized MultithreadedTaskDispatcher with 16 workers.
 -> (artifact id: '476b5cdccd5644b22f772239f449c05d') in 0.014464 seconds
Number of updated asset objects reloaded before import = 0
Number of asset objects unloaded after import = 3
========================================================================
Received Import Request.
  Time since last request: 0.000020 seconds.
  path: Assets/Tiles/Cyberpunk Street Assets/Assets - 70 DPI (Roll20)/Painted warning - 1x1.png
  artifactKey: Guid(ca2c86c932a83b64e9f657752b49168f) Importer(815301076,1909f56bfc062723c751e8b465ee728b)
Start importing Assets/Tiles/Cyberpunk Street Assets/Assets - 70 DPI (Roll20)/Painted warning - 1x1.png using Guid(ca2c86c932a83b64e9f657752b49168f) Importer(815301076,1909f56bfc062723c751e8b465ee728b) [PhysX] Initialized MultithreadedTaskDispatcher with 16 workers.
[PhysX] Initialized MultithreadedTaskDispatcher with 16 workers.
 -> (artifact id: '24934fe93c57bb8208d63a6b656bbe9d') in 0.015099 seconds
Number of updated asset objects reloaded before import = 0
Number of asset objects unloaded after import = 3
========================================================================
Received Import Request.
  Time since last request: 0.000018 seconds.
  path: Assets/Tiles/Cyberpunk Street Assets/Assets - 70 DPI (Roll20)/Paper litter - 1x2.png
  artifactKey: Guid(3944ed7e60486d145a184cea338807ef) Importer(815301076,1909f56bfc062723c751e8b465ee728b)
Start importing Assets/Tiles/Cyberpunk Street Assets/Assets - 70 DPI (Roll20)/Paper litter - 1x2.png using Guid(3944ed7e60486d145a184cea338807ef) Importer(815301076,1909f56bfc062723c751e8b465ee728b) [PhysX] Initialized MultithreadedTaskDispatcher with 16 workers.
[PhysX] Initialized MultithreadedTaskDispatcher with 16 workers.
 -> (artifact id: '8e42246deefca09801186d6264b5fc0e') in 0.017522 seconds
Number of updated asset objects reloaded before import = 0
Number of asset objects unloaded after import = 3
========================================================================
Received Import Request.
  Time since last request: 0.000264 seconds.
  path: Assets/Tiles/Cyberpunk Street Assets/Assets - 70 DPI (Roll20)/Potted plant 1 - 1x1.png
  artifactKey: Guid(916953d7afad00a459c22598b1bcee15) Importer(815301076,1909f56bfc062723c751e8b465ee728b)
Start importing Assets/Tiles/Cyberpunk Street Assets/Assets - 70 DPI (Roll20)/Potted plant 1 - 1x1.png using Guid(916953d7afad00a459c22598b1bcee15) Importer(815301076,1909f56bfc062723c751e8b465ee728b) [PhysX] Initialized MultithreadedTaskDispatcher with 16 workers.
[PhysX] Initialized MultithreadedTaskDispatcher with 16 workers.
 -> (artifact id: '7e9bc7a156bf3a0148ea2fed1dfafbe5') in 0.014494 seconds
Number of updated asset objects reloaded before import = 0
Number of asset objects unloaded after import = 3
========================================================================
Received Import Request.
  Time since last request: 0.000018 seconds.
  path: Assets/Tiles/Cyberpunk Street Assets/Assets - 70 DPI (Roll20)/Potted plant planter 1 - 1x1.png
  artifactKey: Guid(4302cbc15e6af354380ab4a8817d5770) Importer(815301076,1909f56bfc062723c751e8b465ee728b)
Start importing Assets/Tiles/Cyberpunk Street Assets/Assets - 70 DPI (Roll20)/Potted plant planter 1 - 1x1.png using Guid(4302cbc15e6af354380ab4a8817d5770) Importer(815301076,1909f56bfc062723c751e8b465ee728b) [PhysX] Initialized MultithreadedTaskDispatcher with 16 workers.
[PhysX] Initialized MultithreadedTaskDispatcher with 16 workers.
 -> (artifact id: 'c9377c889fd493af4aef3035ce6bc4d0') in 0.014844 seconds
Number of updated asset objects reloaded before import = 0
Number of asset objects unloaded after import = 3
========================================================================
Received Import Request.
  Time since last request: 0.000016 seconds.
  path: Assets/Tiles/Cyberpunk Street Assets/Assets - 70 DPI (Roll20)/Pylon - 3x1.png
  artifactKey: Guid(a796e0a6b4172f042a8c0513a96266d8) Importer(815301076,1909f56bfc062723c751e8b465ee728b)
Start importing Assets/Tiles/Cyberpunk Street Assets/Assets - 70 DPI (Roll20)/Pylon - 3x1.png using Guid(a796e0a6b4172f042a8c0513a96266d8) Importer(815301076,1909f56bfc062723c751e8b465ee728b) [PhysX] Initialized MultithreadedTaskDispatcher with 16 workers.
[PhysX] Initialized MultithreadedTaskDispatcher with 16 workers.
 -> (artifact id: '09ff09a355ba05d7626923695abeb4bc') in 0.016422 seconds
Number of updated asset objects reloaded before import = 0
Number of asset objects unloaded after import = 3
========================================================================
Received Import Request.
  Time since last request: 0.000017 seconds.
  path: Assets/Tiles/Cyberpunk Street Assets/Assets - 70 DPI (Roll20)/Pylon - Orange - 3x1.png
  artifactKey: Guid(fb3881e0a33bb20498d641a88e46c9ca) Importer(815301076,1909f56bfc062723c751e8b465ee728b)
Start importing Assets/Tiles/Cyberpunk Street Assets/Assets - 70 DPI (Roll20)/Pylon - Orange - 3x1.png using Guid(fb3881e0a33bb20498d641a88e46c9ca) Importer(815301076,1909f56bfc062723c751e8b465ee728b) [PhysX] Initialized MultithreadedTaskDispatcher with 16 workers.
[PhysX] Initialized MultithreadedTaskDispatcher with 16 workers.
 -> (artifact id: '5c706cde209c48b068bf93b5d885e5a1') in 0.014873 seconds
Number of updated asset objects reloaded before import = 0
Number of asset objects unloaded after import = 3
========================================================================
Received Import Request.
  Time since last request: 0.000016 seconds.
  path: Assets/Tiles/Cyberpunk Street Assets/Assets - 70 DPI (Roll20)/Satelite dishes - 2x1.png
  artifactKey: Guid(066beaa9fedcfa74aba308cfed9cfa23) Importer(815301076,1909f56bfc062723c751e8b465ee728b)
Start importing Assets/Tiles/Cyberpunk Street Assets/Assets - 70 DPI (Roll20)/Satelite dishes - 2x1.png using Guid(066beaa9fedcfa74aba308cfed9cfa23) Importer(815301076,1909f56bfc062723c751e8b465ee728b) [PhysX] Initialized MultithreadedTaskDispatcher with 16 workers.
[PhysX] Initialized MultithreadedTaskDispatcher with 16 workers.
 -> (artifact id: 'fd01ab24cfe18a4798d90c05f5fb5203') in 0.014145 seconds
Number of updated asset objects reloaded before import = 0
Number of asset objects unloaded after import = 3
========================================================================
Received Import Request.
  Time since last request: 0.000017 seconds.
  path: Assets/Tiles/Cyberpunk Street Assets/Assets - 70 DPI (Roll20)/Screen 1 - Yellow - 1x1.png
  artifactKey: Guid(4d284affb4d60084aa554797fed61a7c) Importer(815301076,1909f56bfc062723c751e8b465ee728b)
Start importing Assets/Tiles/Cyberpunk Street Assets/Assets - 70 DPI (Roll20)/Screen 1 - Yellow - 1x1.png using Guid(4d284affb4d60084aa554797fed61a7c) Importer(815301076,1909f56bfc062723c751e8b465ee728b) [PhysX] Initialized MultithreadedTaskDispatcher with 16 workers.
[PhysX] Initialized MultithreadedTaskDispatcher with 16 workers.
 -> (artifact id: 'fb314fa71b36bdbc4c27c0006eb3d64d') in 0.013658 seconds
Number of updated asset objects reloaded before import = 0
Number of asset objects unloaded after import = 3
========================================================================
Received Import Request.
  Time since last request: 0.000019 seconds.
  path: Assets/Tiles/Cyberpunk Street Assets/Assets - 70 DPI (Roll20)/Screen 2 - Yellow - 2x1.png
  artifactKey: Guid(60acca2ecca4a884a8523c7f400f5fa2) Importer(815301076,1909f56bfc062723c751e8b465ee728b)
Start importing Assets/Tiles/Cyberpunk Street Assets/Assets - 70 DPI (Roll20)/Screen 2 - Yellow - 2x1.png using Guid(60acca2ecca4a884a8523c7f400f5fa2) Importer(815301076,1909f56bfc062723c751e8b465ee728b) [PhysX] Initialized MultithreadedTaskDispatcher with 16 workers.
[PhysX] Initialized MultithreadedTaskDispatcher with 16 workers.
 -> (artifact id: 'c490d5619e0ec6dff517c87ef691f304') in 0.015458 seconds
Number of updated asset objects reloaded before import = 0
Number of asset objects unloaded after import = 3
========================================================================
Received Import Request.
  Time since last request: 0.000025 seconds.
  path: Assets/Tiles/Cyberpunk Street Assets/Assets - 70 DPI (Roll20)/Screen 3 - Yellow - 1x1.png
  artifactKey: Guid(c655518a0dd126649ae79d060bf0dd6c) Importer(815301076,1909f56bfc062723c751e8b465ee728b)
Start importing Assets/Tiles/Cyberpunk Street Assets/Assets - 70 DPI (Roll20)/Screen 3 - Yellow - 1x1.png using Guid(c655518a0dd126649ae79d060bf0dd6c) Importer(815301076,1909f56bfc062723c751e8b465ee728b) [PhysX] Initialized MultithreadedTaskDispatcher with 16 workers.
[PhysX] Initialized MultithreadedTaskDispatcher with 16 workers.
 -> (artifact id: '48e17809258cc533663e4499f7cd8ba4') in 0.019121 seconds
Number of updated asset objects reloaded before import = 0
Number of asset objects unloaded after import = 3
========================================================================
Received Import Request.
  Time since last request: 0.000019 seconds.
  path: Assets/Tiles/Cyberpunk Street Assets/Assets - 70 DPI (Roll20)/Screen billboard - Red - 3x1.png
  artifactKey: Guid(e80e6d18a4d7ae74ba5a5e69938cb257) Importer(815301076,1909f56bfc062723c751e8b465ee728b)
Start importing Assets/Tiles/Cyberpunk Street Assets/Assets - 70 DPI (Roll20)/Screen billboard - Red - 3x1.png using Guid(e80e6d18a4d7ae74ba5a5e69938cb257) Importer(815301076,1909f56bfc062723c751e8b465ee728b) [PhysX] Initialized MultithreadedTaskDispatcher with 16 workers.
[PhysX] Initialized MultithreadedTaskDispatcher with 16 workers.
 -> (artifact id: '200f1c897f83007dedfa8fa2303347ac') in 0.018778 seconds
Number of updated asset objects reloaded before import = 0
Number of asset objects unloaded after import = 3
========================================================================
Received Import Request.
  Time since last request: 0.005860 seconds.
  path: Assets/Tiles/Cyberpunk Street Assets/Assets - 70 DPI (Roll20)/Screens 1 - Red - 2x1.png
  artifactKey: Guid(b94d7f9ca4094c945889c057006ab223) Importer(815301076,1909f56bfc062723c751e8b465ee728b)
Start importing Assets/Tiles/Cyberpunk Street Assets/Assets - 70 DPI (Roll20)/Screens 1 - Red - 2x1.png using Guid(b94d7f9ca4094c945889c057006ab223) Importer(815301076,1909f56bfc062723c751e8b465ee728b) [PhysX] Initialized MultithreadedTaskDispatcher with 16 workers.
[PhysX] Initialized MultithreadedTaskDispatcher with 16 workers.
 -> (artifact id: 'e8b6e3d99b049ab0d1f7e07461916698') in 0.016062 seconds
Number of updated asset objects reloaded before import = 0
Number of asset objects unloaded after import = 3
========================================================================
Received Import Request.
  Time since last request: 0.000017 seconds.
  path: Assets/Tiles/Cyberpunk Street Assets/Assets - 70 DPI (Roll20)/Sign - Red - 1x1.png
  artifactKey: Guid(89054f93266ee6049851dab949be7b08) Importer(815301076,1909f56bfc062723c751e8b465ee728b)
Start importing Assets/Tiles/Cyberpunk Street Assets/Assets - 70 DPI (Roll20)/Sign - Red - 1x1.png using Guid(89054f93266ee6049851dab949be7b08) Importer(815301076,1909f56bfc062723c751e8b465ee728b) [PhysX] Initialized MultithreadedTaskDispatcher with 16 workers.
[PhysX] Initialized MultithreadedTaskDispatcher with 16 workers.
 -> (artifact id: '4c6fa388f49e5b77a970f86d98f16cbb') in 0.017428 seconds
Number of updated asset objects reloaded before import = 0
Number of asset objects unloaded after import = 3
========================================================================
Received Import Request.
  Time since last request: 0.000025 seconds.
  path: Assets/Tiles/Cyberpunk Street Assets/Assets - 70 DPI (Roll20)/Smooth stone cube - 1x1.png
  artifactKey: Guid(f6854f60b877c88488af9a2ac6fbfbc6) Importer(815301076,1909f56bfc062723c751e8b465ee728b)
Start importing Assets/Tiles/Cyberpunk Street Assets/Assets - 70 DPI (Roll20)/Smooth stone cube - 1x1.png using Guid(f6854f60b877c88488af9a2ac6fbfbc6) Importer(815301076,1909f56bfc062723c751e8b465ee728b) [PhysX] Initialized MultithreadedTaskDispatcher with 16 workers.
[PhysX] Initialized MultithreadedTaskDispatcher with 16 workers.
 -> (artifact id: 'bb834153113242f9a28cc3d3cbfa01d9') in 0.015364 seconds
Number of updated asset objects reloaded before import = 0
Number of asset objects unloaded after import = 3
========================================================================
Received Import Request.
  Time since last request: 0.050319 seconds.
  path: Assets/Tiles/Cyberpunk Street Assets/Assets - 70 DPI (Roll20)/Subway stairway - Blue - 2x3.png
  artifactKey: Guid(eded0037c4682fb408e2db1a731d7bff) Importer(815301076,1909f56bfc062723c751e8b465ee728b)
Start importing Assets/Tiles/Cyberpunk Street Assets/Assets - 70 DPI (Roll20)/Subway stairway - Blue - 2x3.png using Guid(eded0037c4682fb408e2db1a731d7bff) Importer(815301076,1909f56bfc062723c751e8b465ee728b) [PhysX] Initialized MultithreadedTaskDispatcher with 16 workers.
[PhysX] Initialized MultithreadedTaskDispatcher with 16 workers.
 -> (artifact id: 'c2748a14c9965917d0d93b0331f95797') in 0.019094 seconds
Number of updated asset objects reloaded before import = 0
Number of asset objects unloaded after import = 3
========================================================================
Received Import Request.
  Time since last request: 0.000018 seconds.
  path: Assets/Tiles/Cyberpunk Street Assets/Assets - 70 DPI (Roll20)/Surveilance camera tree - 2x2.png
  artifactKey: Guid(3136add02b963374e93a3e8e6358c91f) Importer(815301076,1909f56bfc062723c751e8b465ee728b)
Start importing Assets/Tiles/Cyberpunk Street Assets/Assets - 70 DPI (Roll20)/Surveilance camera tree - 2x2.png using Guid(3136add02b963374e93a3e8e6358c91f) Importer(815301076,1909f56bfc062723c751e8b465ee728b) [PhysX] Initialized MultithreadedTaskDispatcher with 16 workers.
[PhysX] Initialized MultithreadedTaskDispatcher with 16 workers.
 -> (artifact id: '48fce8e2715fda56b717bee0c2244342') in 0.014613 seconds
Number of updated asset objects reloaded before import = 0
Number of asset objects unloaded after import = 3
========================================================================
Received Import Request.
  Time since last request: 0.000018 seconds.
  path: Assets/Tiles/Cyberpunk Street Assets/Assets - 70 DPI (Roll20)/Traffic cones - 1x1.png
  artifactKey: Guid(c6e959d3a90b83345b51b3eb0dd1bf25) Importer(815301076,1909f56bfc062723c751e8b465ee728b)
Start importing Assets/Tiles/Cyberpunk Street Assets/Assets - 70 DPI (Roll20)/Traffic cones - 1x1.png using Guid(c6e959d3a90b83345b51b3eb0dd1bf25) Importer(815301076,1909f56bfc062723c751e8b465ee728b) [PhysX] Initialized MultithreadedTaskDispatcher with 16 workers.
[PhysX] Initialized MultithreadedTaskDispatcher with 16 workers.
 -> (artifact id: '202267e8c7d38978e6e1e9d0f09b89f3') in 0.014075 seconds
Number of updated asset objects reloaded before import = 0
Number of asset objects unloaded after import = 3
========================================================================
Received Import Request.
  Time since last request: 0.013980 seconds.
  path: Assets/Tiles/Cyberpunk Street Assets/Assets - 70 DPI (Roll20)/Trash 2 - 1x1.png
  artifactKey: Guid(0d2cca2a633e3f342a8c4b26e90057c3) Importer(815301076,1909f56bfc062723c751e8b465ee728b)
Start importing Assets/Tiles/Cyberpunk Street Assets/Assets - 70 DPI (Roll20)/Trash 2 - 1x1.png using Guid(0d2cca2a633e3f342a8c4b26e90057c3) Importer(815301076,1909f56bfc062723c751e8b465ee728b) [PhysX] Initialized MultithreadedTaskDispatcher with 16 workers.
[PhysX] Initialized MultithreadedTaskDispatcher with 16 workers.
 -> (artifact id: 'f9c51919b3bcb65c4ab959cc53da04ba') in 0.014691 seconds
Number of updated asset objects reloaded before import = 0
Number of asset objects unloaded after import = 3
========================================================================
Received Import Request.
  Time since last request: 0.000020 seconds.
  path: Assets/Tiles/Cyberpunk Street Assets/Assets - 70 DPI (Roll20)/Trash bags - 1x1.png
  artifactKey: Guid(87fae572edfd26c43bd99f662f3c5538) Importer(815301076,1909f56bfc062723c751e8b465ee728b)
Start importing Assets/Tiles/Cyberpunk Street Assets/Assets - 70 DPI (Roll20)/Trash bags - 1x1.png using Guid(87fae572edfd26c43bd99f662f3c5538) Importer(815301076,1909f56bfc062723c751e8b465ee728b) [PhysX] Initialized MultithreadedTaskDispatcher with 16 workers.
[PhysX] Initialized MultithreadedTaskDispatcher with 16 workers.
 -> (artifact id: '3dec8816978cc1f956056b6c68c68429') in 0.016892 seconds
Number of updated asset objects reloaded before import = 0
Number of asset objects unloaded after import = 3
========================================================================
Received Import Request.
  Time since last request: 0.000025 seconds.
  path: Assets/Tiles/Cyberpunk Street Assets/Assets - 70 DPI (Roll20)/Trash bags - 4x4.png
  artifactKey: Guid(a266c2a7b94b2cd43adabbde6a7b772e) Importer(815301076,1909f56bfc062723c751e8b465ee728b)
Start importing Assets/Tiles/Cyberpunk Street Assets/Assets - 70 DPI (Roll20)/Trash bags - 4x4.png using Guid(a266c2a7b94b2cd43adabbde6a7b772e) Importer(815301076,1909f56bfc062723c751e8b465ee728b) [PhysX] Initialized MultithreadedTaskDispatcher with 16 workers.
[PhysX] Initialized MultithreadedTaskDispatcher with 16 workers.
 -> (artifact id: '74d3681b49d8e1897b817f51a65a778b') in 0.016476 seconds
Number of updated asset objects reloaded before import = 0
Number of asset objects unloaded after import = 3
========================================================================
Received Import Request.
  Time since last request: 0.000019 seconds.
  path: Assets/Tiles/Cyberpunk Street Assets/Assets - 70 DPI (Roll20)/Trash bags 2 - 2x2.png
  artifactKey: Guid(47189ed91b49f9643a2921ab993ee123) Importer(815301076,1909f56bfc062723c751e8b465ee728b)
Start importing Assets/Tiles/Cyberpunk Street Assets/Assets - 70 DPI (Roll20)/Trash bags 2 - 2x2.png using Guid(47189ed91b49f9643a2921ab993ee123) Importer(815301076,1909f56bfc062723c751e8b465ee728b) [PhysX] Initialized MultithreadedTaskDispatcher with 16 workers.
[PhysX] Initialized MultithreadedTaskDispatcher with 16 workers.
 -> (artifact id: 'f052b327651a51b48bd89f96035673f9') in 0.018749 seconds
Number of updated asset objects reloaded before import = 0
Number of asset objects unloaded after import = 3
========================================================================
Received Import Request.
  Time since last request: 0.000028 seconds.
  path: Assets/Tiles/Cyberpunk Street Assets/Assets - 70 DPI (Roll20)/Trash can - Orange - 1x1.png
  artifactKey: Guid(7b5419f2fd48a1b45a2c2671feaf6ab1) Importer(815301076,1909f56bfc062723c751e8b465ee728b)
Start importing Assets/Tiles/Cyberpunk Street Assets/Assets - 70 DPI (Roll20)/Trash can - Orange - 1x1.png using Guid(7b5419f2fd48a1b45a2c2671feaf6ab1) Importer(815301076,1909f56bfc062723c751e8b465ee728b) [PhysX] Initialized MultithreadedTaskDispatcher with 16 workers.
[PhysX] Initialized MultithreadedTaskDispatcher with 16 workers.
 -> (artifact id: '1e7ef53d880481fe1c23e8f2a09478d3') in 0.014166 seconds
Number of updated asset objects reloaded before import = 0
Number of asset objects unloaded after import = 3
========================================================================
Received Import Request.
  Time since last request: 0.000019 seconds.
  path: Assets/Tiles/Cyberpunk Street Assets/Assets - 70 DPI (Roll20)/Trash cans - Blue - 1x1.png
  artifactKey: Guid(c9be3043bdc33ba45b619696712f5a26) Importer(815301076,1909f56bfc062723c751e8b465ee728b)
Start importing Assets/Tiles/Cyberpunk Street Assets/Assets - 70 DPI (Roll20)/Trash cans - Blue - 1x1.png using Guid(c9be3043bdc33ba45b619696712f5a26) Importer(815301076,1909f56bfc062723c751e8b465ee728b) [PhysX] Initialized MultithreadedTaskDispatcher with 16 workers.
[PhysX] Initialized MultithreadedTaskDispatcher with 16 workers.
 -> (artifact id: '7f5a0365a4105d0c833017f8d11ba840') in 0.014915 seconds
Number of updated asset objects reloaded before import = 0
Number of asset objects unloaded after import = 3
========================================================================
Received Import Request.
  Time since last request: 0.000023 seconds.
  path: Assets/Tiles/Cyberpunk Street Assets/Assets - 70 DPI (Roll20)/Trash cans - Orange - 1x1.png
  artifactKey: Guid(23219b40538c70e41932c7fb786f16f0) Importer(815301076,1909f56bfc062723c751e8b465ee728b)
Start importing Assets/Tiles/Cyberpunk Street Assets/Assets - 70 DPI (Roll20)/Trash cans - Orange - 1x1.png using Guid(23219b40538c70e41932c7fb786f16f0) Importer(815301076,1909f56bfc062723c751e8b465ee728b) [PhysX] Initialized MultithreadedTaskDispatcher with 16 workers.
[PhysX] Initialized MultithreadedTaskDispatcher with 16 workers.
 -> (artifact id: '8f38c1638cbfaf19a48935d3d3aae421') in 0.017563 seconds
Number of updated asset objects reloaded before import = 0
Number of asset objects unloaded after import = 3
========================================================================
Received Import Request.
  Time since last request: 0.000021 seconds.
  path: Assets/Tiles/Cyberpunk Street Assets/Assets - 70 DPI (Roll20)/Vending machine 1 - Blue - 1x1.png
  artifactKey: Guid(7070ad5432881c84490e0947d42352d5) Importer(815301076,1909f56bfc062723c751e8b465ee728b)
Start importing Assets/Tiles/Cyberpunk Street Assets/Assets - 70 DPI (Roll20)/Vending machine 1 - Blue - 1x1.png using Guid(7070ad5432881c84490e0947d42352d5) Importer(815301076,1909f56bfc062723c751e8b465ee728b) [PhysX] Initialized MultithreadedTaskDispatcher with 16 workers.
[PhysX] Initialized MultithreadedTaskDispatcher with 16 workers.
 -> (artifact id: 'f9de36df1273fdab4716f89aa8b95f4f') in 0.017713 seconds
Number of updated asset objects reloaded before import = 0
Number of asset objects unloaded after import = 3
========================================================================
Received Import Request.
  Time since last request: 0.976379 seconds.
  path: Assets/Tiles/Cyberpunk Street Assets/Assets - 70 DPI (Roll20)/Vending machine 2 - Blue - 1x1.png
  artifactKey: Guid(b0d407a077389454e87edc85ed963b11) Importer(815301076,1909f56bfc062723c751e8b465ee728b)
Start importing Assets/Tiles/Cyberpunk Street Assets/Assets - 70 DPI (Roll20)/Vending machine 2 - Blue - 1x1.png using Guid(b0d407a077389454e87edc85ed963b11) Importer(815301076,1909f56bfc062723c751e8b465ee728b) [PhysX] Initialized MultithreadedTaskDispatcher with 16 workers.
[PhysX] Initialized MultithreadedTaskDispatcher with 16 workers.
 -> (artifact id: '7d753d1c26aba7feef3bcf026f7966b8') in 0.044354 seconds
Number of updated asset objects reloaded before import = 0
Number of asset objects unloaded after import = 3
========================================================================
Received Import Request.
  Time since last request: 0.000034 seconds.
  path: Assets/Tiles/Cyberpunk Street Assets/Assets - 70 DPI (Roll20)/Wires 1 - 3x1.png
  artifactKey: Guid(c6082b8e681a6904486019a902dd9c39) Importer(815301076,1909f56bfc062723c751e8b465ee728b)
Start importing Assets/Tiles/Cyberpunk Street Assets/Assets - 70 DPI (Roll20)/Wires 1 - 3x1.png using Guid(c6082b8e681a6904486019a902dd9c39) Importer(815301076,1909f56bfc062723c751e8b465ee728b) [PhysX] Initialized MultithreadedTaskDispatcher with 16 workers.
[PhysX] Initialized MultithreadedTaskDispatcher with 16 workers.
 -> (artifact id: 'bf119a5e1bac075d957cfe4b2d634d1d') in 0.015361 seconds
Number of updated asset objects reloaded before import = 0
Number of asset objects unloaded after import = 3
========================================================================
Received Import Request.
  Time since last request: 0.000018 seconds.
  path: Assets/Tiles/Cyberpunk Street Assets/Assets - 70 DPI (Roll20)/Wires 1 - Orange - 3x1.png
  artifactKey: Guid(41e74eb87e0667e45bbe4054fac4163f) Importer(815301076,1909f56bfc062723c751e8b465ee728b)
Start importing Assets/Tiles/Cyberpunk Street Assets/Assets - 70 DPI (Roll20)/Wires 1 - Orange - 3x1.png using Guid(41e74eb87e0667e45bbe4054fac4163f) Importer(815301076,1909f56bfc062723c751e8b465ee728b) [PhysX] Initialized MultithreadedTaskDispatcher with 16 workers.
[PhysX] Initialized MultithreadedTaskDispatcher with 16 workers.
 -> (artifact id: '2a0e65b7a76e17ece453b6853b3cb489') in 0.014310 seconds
Number of updated asset objects reloaded before import = 0
Number of asset objects unloaded after import = 3
========================================================================
Received Import Request.
  Time since last request: 0.000017 seconds.
  path: Assets/Tiles/Cyberpunk Street Assets/Assets - 70 DPI (Roll20)/Wires 2 - Blue - 4x1.png
  artifactKey: Guid(5d38d757c9e08b649b0b298eaf9ea257) Importer(815301076,1909f56bfc062723c751e8b465ee728b)
Start importing Assets/Tiles/Cyberpunk Street Assets/Assets - 70 DPI (Roll20)/Wires 2 - Blue - 4x1.png using Guid(5d38d757c9e08b649b0b298eaf9ea257) Importer(815301076,1909f56bfc062723c751e8b465ee728b) [PhysX] Initialized MultithreadedTaskDispatcher with 16 workers.
[PhysX] Initialized MultithreadedTaskDispatcher with 16 workers.
 -> (artifact id: '2086721916a931961de8e0ccdf4d9d3e') in 0.033607 seconds
Number of updated asset objects reloaded before import = 0
Number of asset objects unloaded after import = 3
========================================================================
Received Import Request.
  Time since last request: 0.000022 seconds.
  path: Assets/Tiles/Cyberpunk Street Assets/Assets - 70 DPI (Roll20)/Wooden pallet - 1x1.png
  artifactKey: Guid(b1cbd3af026acb54f9ff512d69278478) Importer(815301076,1909f56bfc062723c751e8b465ee728b)
Start importing Assets/Tiles/Cyberpunk Street Assets/Assets - 70 DPI (Roll20)/Wooden pallet - 1x1.png using Guid(b1cbd3af026acb54f9ff512d69278478) Importer(815301076,1909f56bfc062723c751e8b465ee728b) [PhysX] Initialized MultithreadedTaskDispatcher with 16 workers.
[PhysX] Initialized MultithreadedTaskDispatcher with 16 workers.
 -> (artifact id: '26ae740695042d2758dc7a647f25d94b') in 0.025656 seconds
Number of updated asset objects reloaded before import = 0
Number of asset objects unloaded after import = 3
========================================================================
Received Prepare
Caller must complete domain reload
Begin MonoManager ReloadAssembly
- Loaded All Assemblies, in  0.481 seconds
Native extension for WindowsStandalone target not found
Native extension for Android target not found
Mono: successfully reloaded assembly
- Finished resetting the current domain, in  2.353 seconds
Domain Reload Profiling: 2829ms
	BeginReloadAssembly (160ms)
		ExecutionOrderSort (0ms)
		DisableScriptedObjects (5ms)
		BackupInstance (0ms)
		ReleaseScriptingObjects (0ms)
		CreateAndSetChildDomain (34ms)
	RebuildCommonClasses (30ms)
	RebuildNativeTypeToScriptingClass (11ms)
	initialDomainReloadingComplete (29ms)
	LoadAllAssembliesAndSetupDomain (247ms)
		LoadAssemblies (322ms)
		RebuildTransferFunctionScriptingTraits (0ms)
		AnalyzeDomain (13ms)
			TypeCache.Refresh (7ms)
				TypeCache.ScanAssembly (0ms)
			ScanForSourceGeneratedMonoScriptInfo (0ms)
			ResolveRequiredComponents (5ms)
	FinalizeReload (2354ms)
		ReleaseScriptCaches (0ms)
		RebuildScriptCaches (0ms)
		SetupLoadedEditorAssemblies (798ms)
			LogAssemblyErrors (0ms)
			InitializePlatformSupportModulesInManaged (25ms)
			SetLoadedEditorAssemblies (7ms)
			RefreshPlugins (0ms)
			BeforeProcessingInitializeOnLoad (129ms)
			ProcessInitializeOnLoadAttributes (588ms)
			ProcessInitializeOnLoadMethodAttributes (37ms)
			AfterProcessingInitializeOnLoad (12ms)
			EditorAssembliesLoaded (0ms)
		ExecutionOrderSort2 (0ms)
		AwakeInstancesAfterBackupRestoration (10ms)
Refreshing native plugins compatible for Editor in 5.41 ms, found 3 plugins.
Preloading 0 native plugins for Editor in 0.00 ms.
Unloading 3103 Unused Serialized files (Serialized files now loaded: 0)
Unloading 14 unused Assets / (28.5 KB). Loaded Objects now: 3604.
Memory consumption went from 123.8 MB to 123.8 MB.
Total: 3.884400 ms (FindLiveObjects: 0.289700 ms CreateObjectMapping: 0.246400 ms MarkObjects: 3.304300 ms  DeleteObjects: 0.042900 ms)

Prepare: number of updated asset objects reloaded= 0
AssetImportParameters requested are different than current active one (requested -> active):
  custom:container-demuxer-ogg: 62fdf1f143b41e24485cea50d1cbac27 -> 
  custom:video-codec-MediaFoundation-h265: 746d11721c4dcdbdad8f713fa42b33f4 -> 
  custom:video-decoder-ogg-theora: a1e56fd34408186e4bbccfd4996cb3dc -> 
  custom:framework-win-MediaFoundation: 216162199b28c13a410421893ffa2e32 -> 
  custom:CustomObjectIndexerAttribute: 9a22284fe3817be447336de3de66b15e -> 
  custom:scripting/monoscript/fileName/LayerTrigger.cs: fe0a7a1180c82483faf6ec99de852c15 -> 949eaa5cbbace5cb99a3cd3cb175e850
  custom:container-demuxer-webm: 4f35f7cbe854078d1ac9338744f61a02 -> 
  custom:scripting/monoscript/fileName/SpriteColorAnimation.cs: efe4917a546508cbf214152f66b562cd -> 4b60499cc4c43b7b4a7721f49f3235e7
  custom:scripting/monoscript/fileName/CameraFollow.cs: 8f57d6ad58855258db29de8de1bbaf85 -> 0eb351f923cdcb0d7750461aab444863
  custom:container-muxer-webm: aa71ff27fc2769a1b78a27578f13a17b -> 
  custom:video-decoder-webm-vp8: 9c59270c3fd7afecdb556c50c9e8de78 -> 
  custom:SearchIndexIgnoredProperties: e643bd26f0fe6173181afceb89e7c659 -> 
  custom:AudioImporter_EditorPlatform: d09bf68614088b80899f8185d706f6e7 -> 
  custom:scripting/monoscript/fileName/TopDownCharacterController.cs: 85ecbe8402e05a9d0992ceca555d6d4c -> 6a72fae984a5b5ba0e1cf975f6787b9a
  custom:video-encoder-webm-vp8: eb34c28f22e8b96e1ab97ce403110664 -> 
  custom:scripting/monoscript/fileName/PropsAltar.cs: 8c0ffd56ed4d849ee24a9d8607151675 -> 330897db6e74a178c13f23e82287a5f7
  custom:audio-decoder-ogg-vorbis: bf7c407c2cedff20999df2af8eb42d56 -> 
  custom:audio-encoder-webm-vorbis: bf7c407c2cedff20999df2af8eb42d56 -> 
========================================================================
Received Prepare
Caller must complete domain reload
Begin MonoManager ReloadAssembly
- Loaded All Assemblies, in  0.460 seconds
Native extension for WindowsStandalone target not found
Native extension for Android target not found
Mono: successfully reloaded assembly
- Finished resetting the current domain, in  1.548 seconds
Domain Reload Profiling: 2005ms
	BeginReloadAssembly (155ms)
		ExecutionOrderSort (0ms)
		DisableScriptedObjects (6ms)
		BackupInstance (0ms)
		ReleaseScriptingObjects (0ms)
		CreateAndSetChildDomain (34ms)
	RebuildCommonClasses (33ms)
	RebuildNativeTypeToScriptingClass (10ms)
	initialDomainReloadingComplete (32ms)
	LoadAllAssembliesAndSetupDomain (227ms)
		LoadAssemblies (291ms)
		RebuildTransferFunctionScriptingTraits (0ms)
		AnalyzeDomain (16ms)
			TypeCache.Refresh (7ms)
				TypeCache.ScanAssembly (0ms)
			ScanForSourceGeneratedMonoScriptInfo (0ms)
			ResolveRequiredComponents (7ms)
	FinalizeReload (1549ms)
		ReleaseScriptCaches (0ms)
		RebuildScriptCaches (0ms)
		SetupLoadedEditorAssemblies (727ms)
			LogAssemblyErrors (0ms)
			InitializePlatformSupportModulesInManaged (29ms)
			SetLoadedEditorAssemblies (8ms)
			RefreshPlugins (0ms)
			BeforeProcessingInitializeOnLoad (127ms)
			ProcessInitializeOnLoadAttributes (517ms)
			ProcessInitializeOnLoadMethodAttributes (35ms)
			AfterProcessingInitializeOnLoad (11ms)
			EditorAssembliesLoaded (0ms)
		ExecutionOrderSort2 (0ms)
		AwakeInstancesAfterBackupRestoration (8ms)
Refreshing native plugins compatible for Editor in 7.35 ms, found 3 plugins.
Preloading 0 native plugins for Editor in 0.00 ms.
Unloading 3104 Unused Serialized files (Serialized files now loaded: 0)
Unloading 14 unused Assets / (28.5 KB). Loaded Objects now: 3607.
Memory consumption went from 124.1 MB to 124.1 MB.
Total: 24.793400 ms (FindLiveObjects: 0.837700 ms CreateObjectMapping: 0.424200 ms MarkObjects: 23.244900 ms  DeleteObjects: 0.283000 ms)

Prepare: number of updated asset objects reloaded= 0
AssetImportParameters requested are different than current active one (requested -> active):
  custom:container-demuxer-ogg: 62fdf1f143b41e24485cea50d1cbac27 -> 
  custom:video-codec-MediaFoundation-h265: 746d11721c4dcdbdad8f713fa42b33f4 -> 
  custom:video-decoder-ogg-theora: a1e56fd34408186e4bbccfd4996cb3dc -> 
  custom:framework-win-MediaFoundation: 216162199b28c13a410421893ffa2e32 -> 
  custom:CustomObjectIndexerAttribute: 9a22284fe3817be447336de3de66b15e -> 
  custom:scripting/monoscript/fileName/LayerTrigger.cs: fe0a7a1180c82483faf6ec99de852c15 -> 949eaa5cbbace5cb99a3cd3cb175e850
  custom:container-demuxer-webm: 4f35f7cbe854078d1ac9338744f61a02 -> 
  custom:scripting/monoscript/fileName/SpriteColorAnimation.cs: efe4917a546508cbf214152f66b562cd -> 4b60499cc4c43b7b4a7721f49f3235e7
  custom:scripting/monoscript/fileName/CameraFollow.cs: 8f57d6ad58855258db29de8de1bbaf85 -> 0eb351f923cdcb0d7750461aab444863
  custom:container-muxer-webm: aa71ff27fc2769a1b78a27578f13a17b -> 
  custom:video-decoder-webm-vp8: 9c59270c3fd7afecdb556c50c9e8de78 -> 
  custom:SearchIndexIgnoredProperties: e643bd26f0fe6173181afceb89e7c659 -> 
  custom:AudioImporter_EditorPlatform: d09bf68614088b80899f8185d706f6e7 -> 
  custom:scripting/monoscript/fileName/TopDownCharacterController.cs: 85ecbe8402e05a9d0992ceca555d6d4c -> 6a72fae984a5b5ba0e1cf975f6787b9a
  custom:video-encoder-webm-vp8: eb34c28f22e8b96e1ab97ce403110664 -> 
  custom:scripting/monoscript/fileName/PropsAltar.cs: 8c0ffd56ed4d849ee24a9d8607151675 -> 330897db6e74a178c13f23e82287a5f7
  custom:audio-decoder-ogg-vorbis: bf7c407c2cedff20999df2af8eb42d56 -> 
  custom:audio-encoder-webm-vorbis: bf7c407c2cedff20999df2af8eb42d56 -> 
========================================================================
Received Prepare
Caller must complete domain reload
Begin MonoManager ReloadAssembly
- Loaded All Assemblies, in  0.481 seconds
Native extension for WindowsStandalone target not found
Native extension for Android target not found
Mono: successfully reloaded assembly
- Finished resetting the current domain, in  1.700 seconds
Domain Reload Profiling: 2178ms
	BeginReloadAssembly (153ms)
		ExecutionOrderSort (0ms)
		DisableScriptedObjects (4ms)
		BackupInstance (0ms)
		ReleaseScriptingObjects (0ms)
		CreateAndSetChildDomain (28ms)
	RebuildCommonClasses (33ms)
	RebuildNativeTypeToScriptingClass (9ms)
	initialDomainReloadingComplete (30ms)
	LoadAllAssembliesAndSetupDomain (252ms)
		LoadAssemblies (330ms)
		RebuildTransferFunctionScriptingTraits (0ms)
		AnalyzeDomain (13ms)
			TypeCache.Refresh (5ms)
				TypeCache.ScanAssembly (0ms)
			ScanForSourceGeneratedMonoScriptInfo (0ms)
			ResolveRequiredComponents (7ms)
	FinalizeReload (1701ms)
		ReleaseScriptCaches (0ms)
		RebuildScriptCaches (0ms)
		SetupLoadedEditorAssemblies (803ms)
			LogAssemblyErrors (0ms)
			InitializePlatformSupportModulesInManaged (44ms)
			SetLoadedEditorAssemblies (9ms)
			RefreshPlugins (0ms)
			BeforeProcessingInitializeOnLoad (95ms)
			ProcessInitializeOnLoadAttributes (608ms)
			ProcessInitializeOnLoadMethodAttributes (35ms)
			AfterProcessingInitializeOnLoad (12ms)
			EditorAssembliesLoaded (0ms)
		ExecutionOrderSort2 (0ms)
		AwakeInstancesAfterBackupRestoration (25ms)
Refreshing native plugins compatible for Editor in 6.35 ms, found 3 plugins.
Preloading 0 native plugins for Editor in 0.00 ms.
Unloading 3104 Unused Serialized files (Serialized files now loaded: 0)
Unloading 14 unused Assets / (28.5 KB). Loaded Objects now: 3610.
Memory consumption went from 124.1 MB to 124.1 MB.
Total: 7.482500 ms (FindLiveObjects: 1.190300 ms CreateObjectMapping: 0.307700 ms MarkObjects: 5.926400 ms  DeleteObjects: 0.056000 ms)

Prepare: number of updated asset objects reloaded= 0
AssetImportParameters requested are different than current active one (requested -> active):
  custom:container-demuxer-ogg: 62fdf1f143b41e24485cea50d1cbac27 -> 
  custom:video-codec-MediaFoundation-h265: 746d11721c4dcdbdad8f713fa42b33f4 -> 
  custom:video-decoder-ogg-theora: a1e56fd34408186e4bbccfd4996cb3dc -> 
  custom:framework-win-MediaFoundation: 216162199b28c13a410421893ffa2e32 -> 
  custom:CustomObjectIndexerAttribute: 9a22284fe3817be447336de3de66b15e -> 
  custom:scripting/monoscript/fileName/LayerTrigger.cs: fe0a7a1180c82483faf6ec99de852c15 -> 949eaa5cbbace5cb99a3cd3cb175e850
  custom:container-demuxer-webm: 4f35f7cbe854078d1ac9338744f61a02 -> 
  custom:scripting/monoscript/fileName/SpriteColorAnimation.cs: efe4917a546508cbf214152f66b562cd -> 4b60499cc4c43b7b4a7721f49f3235e7
  custom:scripting/monoscript/fileName/CameraFollow.cs: 8f57d6ad58855258db29de8de1bbaf85 -> 0eb351f923cdcb0d7750461aab444863
  custom:container-muxer-webm: aa71ff27fc2769a1b78a27578f13a17b -> 
  custom:video-decoder-webm-vp8: 9c59270c3fd7afecdb556c50c9e8de78 -> 
  custom:SearchIndexIgnoredProperties: e643bd26f0fe6173181afceb89e7c659 -> 
  custom:AudioImporter_EditorPlatform: d09bf68614088b80899f8185d706f6e7 -> 
  custom:scripting/monoscript/fileName/TopDownCharacterController.cs: 85ecbe8402e05a9d0992ceca555d6d4c -> 6a72fae984a5b5ba0e1cf975f6787b9a
  custom:video-encoder-webm-vp8: eb34c28f22e8b96e1ab97ce403110664 -> 
  custom:scripting/monoscript/fileName/PropsAltar.cs: 8c0ffd56ed4d849ee24a9d8607151675 -> 330897db6e74a178c13f23e82287a5f7
  custom:audio-decoder-ogg-vorbis: bf7c407c2cedff20999df2af8eb42d56 -> 
  custom:audio-encoder-webm-vorbis: bf7c407c2cedff20999df2af8eb42d56 -> 
========================================================================
Received Prepare
Caller must complete domain reload
Begin MonoManager ReloadAssembly
- Loaded All Assemblies, in  0.475 seconds
Native extension for WindowsStandalone target not found
Native extension for Android target not found
Mono: successfully reloaded assembly
- Finished resetting the current domain, in  1.681 seconds
Domain Reload Profiling: 2153ms
	BeginReloadAssembly (144ms)
		ExecutionOrderSort (0ms)
		DisableScriptedObjects (5ms)
		BackupInstance (0ms)
		ReleaseScriptingObjects (0ms)
		CreateAndSetChildDomain (29ms)
	RebuildCommonClasses (27ms)
	RebuildNativeTypeToScriptingClass (15ms)
	initialDomainReloadingComplete (33ms)
	LoadAllAssembliesAndSetupDomain (253ms)
		LoadAssemblies (318ms)
		RebuildTransferFunctionScriptingTraits (0ms)
		AnalyzeDomain (13ms)
			TypeCache.Refresh (6ms)
				TypeCache.ScanAssembly (0ms)
			ScanForSourceGeneratedMonoScriptInfo (0ms)
			ResolveRequiredComponents (6ms)
	FinalizeReload (1681ms)
		ReleaseScriptCaches (0ms)
		RebuildScriptCaches (0ms)
		SetupLoadedEditorAssemblies (838ms)
			LogAssemblyErrors (0ms)
			InitializePlatformSupportModulesInManaged (27ms)
			SetLoadedEditorAssemblies (8ms)
			RefreshPlugins (0ms)
			BeforeProcessingInitializeOnLoad (129ms)
			ProcessInitializeOnLoadAttributes (628ms)
			ProcessInitializeOnLoadMethodAttributes (35ms)
			AfterProcessingInitializeOnLoad (10ms)
			EditorAssembliesLoaded (0ms)
		ExecutionOrderSort2 (0ms)
		AwakeInstancesAfterBackupRestoration (10ms)
Refreshing native plugins compatible for Editor in 5.08 ms, found 3 plugins.
Preloading 0 native plugins for Editor in 0.00 ms.
Unloading 3104 Unused Serialized files (Serialized files now loaded: 0)
Unloading 14 unused Assets / (28.5 KB). Loaded Objects now: 3613.
Memory consumption went from 124.1 MB to 124.1 MB.
Total: 6.291900 ms (FindLiveObjects: 0.522800 ms CreateObjectMapping: 0.223800 ms MarkObjects: 5.486000 ms  DeleteObjects: 0.058000 ms)

Prepare: number of updated asset objects reloaded= 0
AssetImportParameters requested are different than current active one (requested -> active):
  custom:container-demuxer-ogg: 62fdf1f143b41e24485cea50d1cbac27 -> 
  custom:video-codec-MediaFoundation-h265: 746d11721c4dcdbdad8f713fa42b33f4 -> 
  custom:video-decoder-ogg-theora: a1e56fd34408186e4bbccfd4996cb3dc -> 
  custom:framework-win-MediaFoundation: 216162199b28c13a410421893ffa2e32 -> 
  custom:CustomObjectIndexerAttribute: 9a22284fe3817be447336de3de66b15e -> 
  custom:scripting/monoscript/fileName/LayerTrigger.cs: fe0a7a1180c82483faf6ec99de852c15 -> 949eaa5cbbace5cb99a3cd3cb175e850
  custom:container-demuxer-webm: 4f35f7cbe854078d1ac9338744f61a02 -> 
  custom:scripting/monoscript/fileName/SpriteColorAnimation.cs: efe4917a546508cbf214152f66b562cd -> 4b60499cc4c43b7b4a7721f49f3235e7
  custom:scripting/monoscript/fileName/CameraFollow.cs: 8f57d6ad58855258db29de8de1bbaf85 -> 0eb351f923cdcb0d7750461aab444863
  custom:container-muxer-webm: aa71ff27fc2769a1b78a27578f13a17b -> 
  custom:video-decoder-webm-vp8: 9c59270c3fd7afecdb556c50c9e8de78 -> 
  custom:SearchIndexIgnoredProperties: e643bd26f0fe6173181afceb89e7c659 -> 
  custom:AudioImporter_EditorPlatform: d09bf68614088b80899f8185d706f6e7 -> 
  custom:scripting/monoscript/fileName/TopDownCharacterController.cs: 85ecbe8402e05a9d0992ceca555d6d4c -> 6a72fae984a5b5ba0e1cf975f6787b9a
  custom:video-encoder-webm-vp8: eb34c28f22e8b96e1ab97ce403110664 -> 
  custom:scripting/monoscript/fileName/PropsAltar.cs: 8c0ffd56ed4d849ee24a9d8607151675 -> 330897db6e74a178c13f23e82287a5f7
  custom:audio-decoder-ogg-vorbis: bf7c407c2cedff20999df2af8eb42d56 -> 
  custom:audio-encoder-webm-vorbis: bf7c407c2cedff20999df2af8eb42d56 -> 
========================================================================
Received Prepare
Caller must complete domain reload
Begin MonoManager ReloadAssembly
- Loaded All Assemblies, in  0.504 seconds
Native extension for WindowsStandalone target not found
Native extension for Android target not found
Mono: successfully reloaded assembly
- Finished resetting the current domain, in  1.612 seconds
Domain Reload Profiling: 2112ms
	BeginReloadAssembly (176ms)
		ExecutionOrderSort (0ms)
		DisableScriptedObjects (15ms)
		BackupInstance (0ms)
		ReleaseScriptingObjects (0ms)
		CreateAndSetChildDomain (30ms)
	RebuildCommonClasses (31ms)
	RebuildNativeTypeToScriptingClass (12ms)
	initialDomainReloadingComplete (30ms)
	LoadAllAssembliesAndSetupDomain (250ms)
		LoadAssemblies (329ms)
		RebuildTransferFunctionScriptingTraits (0ms)
		AnalyzeDomain (11ms)
			TypeCache.Refresh (4ms)
				TypeCache.ScanAssembly (0ms)
			ScanForSourceGeneratedMonoScriptInfo (0ms)
			ResolveRequiredComponents (5ms)
	FinalizeReload (1613ms)
		ReleaseScriptCaches (0ms)
		RebuildScriptCaches (0ms)
		SetupLoadedEditorAssemblies (801ms)
			LogAssemblyErrors (0ms)
			InitializePlatformSupportModulesInManaged (43ms)
			SetLoadedEditorAssemblies (6ms)
			RefreshPlugins (0ms)
			BeforeProcessingInitializeOnLoad (100ms)
			ProcessInitializeOnLoadAttributes (585ms)
			ProcessInitializeOnLoadMethodAttributes (59ms)
			AfterProcessingInitializeOnLoad (9ms)
			EditorAssembliesLoaded (0ms)
		ExecutionOrderSort2 (0ms)
		AwakeInstancesAfterBackupRestoration (10ms)
Refreshing native plugins compatible for Editor in 5.39 ms, found 3 plugins.
Preloading 0 native plugins for Editor in 0.00 ms.
Unloading 3104 Unused Serialized files (Serialized files now loaded: 0)
Unloading 14 unused Assets / (28.5 KB). Loaded Objects now: 3616.
Memory consumption went from 124.1 MB to 124.1 MB.
Total: 6.265000 ms (FindLiveObjects: 0.296500 ms CreateObjectMapping: 0.272200 ms MarkObjects: 5.584300 ms  DeleteObjects: 0.110300 ms)

Prepare: number of updated asset objects reloaded= 0
AssetImportParameters requested are different than current active one (requested -> active):
  custom:container-demuxer-ogg: 62fdf1f143b41e24485cea50d1cbac27 -> 
  custom:video-codec-MediaFoundation-h265: 746d11721c4dcdbdad8f713fa42b33f4 -> 
  custom:video-decoder-ogg-theora: a1e56fd34408186e4bbccfd4996cb3dc -> 
  custom:framework-win-MediaFoundation: 216162199b28c13a410421893ffa2e32 -> 
  custom:CustomObjectIndexerAttribute: 9a22284fe3817be447336de3de66b15e -> 
  custom:scripting/monoscript/fileName/LayerTrigger.cs: fe0a7a1180c82483faf6ec99de852c15 -> 949eaa5cbbace5cb99a3cd3cb175e850
  custom:container-demuxer-webm: 4f35f7cbe854078d1ac9338744f61a02 -> 
  custom:scripting/monoscript/fileName/SpriteColorAnimation.cs: efe4917a546508cbf214152f66b562cd -> 4b60499cc4c43b7b4a7721f49f3235e7
  custom:scripting/monoscript/fileName/CameraFollow.cs: 8f57d6ad58855258db29de8de1bbaf85 -> 0eb351f923cdcb0d7750461aab444863
  custom:container-muxer-webm: aa71ff27fc2769a1b78a27578f13a17b -> 
  custom:video-decoder-webm-vp8: 9c59270c3fd7afecdb556c50c9e8de78 -> 
  custom:SearchIndexIgnoredProperties: e643bd26f0fe6173181afceb89e7c659 -> 
  custom:AudioImporter_EditorPlatform: d09bf68614088b80899f8185d706f6e7 -> 
  custom:scripting/monoscript/fileName/TopDownCharacterController.cs: 85ecbe8402e05a9d0992ceca555d6d4c -> 6a72fae984a5b5ba0e1cf975f6787b9a
  custom:video-encoder-webm-vp8: eb34c28f22e8b96e1ab97ce403110664 -> 
  custom:scripting/monoscript/fileName/PropsAltar.cs: 8c0ffd56ed4d849ee24a9d8607151675 -> 330897db6e74a178c13f23e82287a5f7
  custom:audio-decoder-ogg-vorbis: bf7c407c2cedff20999df2af8eb42d56 -> 
  custom:audio-encoder-webm-vorbis: bf7c407c2cedff20999df2af8eb42d56 -> 
========================================================================
Received Prepare
Caller must complete domain reload
Begin MonoManager ReloadAssembly
- Loaded All Assemblies, in  0.586 seconds
Native extension for WindowsStandalone target not found
Native extension for Android target not found
Mono: successfully reloaded assembly
- Finished resetting the current domain, in  1.572 seconds
Domain Reload Profiling: 2153ms
	BeginReloadAssembly (200ms)
		ExecutionOrderSort (0ms)
		DisableScriptedObjects (4ms)
		BackupInstance (0ms)
		ReleaseScriptingObjects (0ms)
		CreateAndSetChildDomain (40ms)
	RebuildCommonClasses (46ms)
	RebuildNativeTypeToScriptingClass (17ms)
	initialDomainReloadingComplete (47ms)
	LoadAllAssembliesAndSetupDomain (270ms)
		LoadAssemblies (372ms)
		RebuildTransferFunctionScriptingTraits (0ms)
		AnalyzeDomain (14ms)
			TypeCache.Refresh (6ms)
				TypeCache.ScanAssembly (0ms)
			ScanForSourceGeneratedMonoScriptInfo (0ms)
			ResolveRequiredComponents (7ms)
	FinalizeReload (1573ms)
		ReleaseScriptCaches (0ms)
		RebuildScriptCaches (0ms)
		SetupLoadedEditorAssemblies (688ms)
			LogAssemblyErrors (0ms)
			InitializePlatformSupportModulesInManaged (28ms)
			SetLoadedEditorAssemblies (6ms)
			RefreshPlugins (0ms)
			BeforeProcessingInitializeOnLoad (94ms)
			ProcessInitializeOnLoadAttributes (508ms)
			ProcessInitializeOnLoadMethodAttributes (39ms)
			AfterProcessingInitializeOnLoad (12ms)
			EditorAssembliesLoaded (0ms)
		ExecutionOrderSort2 (0ms)
		AwakeInstancesAfterBackupRestoration (10ms)
Refreshing native plugins compatible for Editor in 6.64 ms, found 3 plugins.
Preloading 0 native plugins for Editor in 0.00 ms.
Unloading 3104 Unused Serialized files (Serialized files now loaded: 0)
Unloading 14 unused Assets / (28.5 KB). Loaded Objects now: 3619.
Memory consumption went from 124.1 MB to 124.1 MB.
Total: 5.020600 ms (FindLiveObjects: 0.286400 ms CreateObjectMapping: 0.095400 ms MarkObjects: 4.554500 ms  DeleteObjects: 0.082800 ms)

Prepare: number of updated asset objects reloaded= 0
AssetImportParameters requested are different than current active one (requested -> active):
  custom:container-demuxer-ogg: 62fdf1f143b41e24485cea50d1cbac27 -> 
  custom:video-codec-MediaFoundation-h265: 746d11721c4dcdbdad8f713fa42b33f4 -> 
  custom:video-decoder-ogg-theora: a1e56fd34408186e4bbccfd4996cb3dc -> 
  custom:framework-win-MediaFoundation: 216162199b28c13a410421893ffa2e32 -> 
  custom:CustomObjectIndexerAttribute: 9a22284fe3817be447336de3de66b15e -> 
  custom:scripting/monoscript/fileName/LayerTrigger.cs: fe0a7a1180c82483faf6ec99de852c15 -> 949eaa5cbbace5cb99a3cd3cb175e850
  custom:container-demuxer-webm: 4f35f7cbe854078d1ac9338744f61a02 -> 
  custom:scripting/monoscript/fileName/SpriteColorAnimation.cs: efe4917a546508cbf214152f66b562cd -> 4b60499cc4c43b7b4a7721f49f3235e7
  custom:scripting/monoscript/fileName/CameraFollow.cs: 8f57d6ad58855258db29de8de1bbaf85 -> 0eb351f923cdcb0d7750461aab444863
  custom:container-muxer-webm: aa71ff27fc2769a1b78a27578f13a17b -> 
  custom:video-decoder-webm-vp8: 9c59270c3fd7afecdb556c50c9e8de78 -> 
  custom:SearchIndexIgnoredProperties: e643bd26f0fe6173181afceb89e7c659 -> 
  custom:AudioImporter_EditorPlatform: d09bf68614088b80899f8185d706f6e7 -> 
  custom:scripting/monoscript/fileName/TopDownCharacterController.cs: 85ecbe8402e05a9d0992ceca555d6d4c -> 6a72fae984a5b5ba0e1cf975f6787b9a
  custom:video-encoder-webm-vp8: eb34c28f22e8b96e1ab97ce403110664 -> 
  custom:scripting/monoscript/fileName/PropsAltar.cs: 8c0ffd56ed4d849ee24a9d8607151675 -> 330897db6e74a178c13f23e82287a5f7
  custom:audio-decoder-ogg-vorbis: bf7c407c2cedff20999df2af8eb42d56 -> 
  custom:audio-encoder-webm-vorbis: bf7c407c2cedff20999df2af8eb42d56 -> 
========================================================================
Received Prepare
Caller must complete domain reload
Begin MonoManager ReloadAssembly
- Loaded All Assemblies, in  0.645 seconds
Native extension for WindowsStandalone target not found
Native extension for Android target not found
Mono: successfully reloaded assembly
- Finished resetting the current domain, in  1.499 seconds
Domain Reload Profiling: 2140ms
	BeginReloadAssembly (215ms)
		ExecutionOrderSort (0ms)
		DisableScriptedObjects (7ms)
		BackupInstance (0ms)
		ReleaseScriptingObjects (0ms)
		CreateAndSetChildDomain (41ms)
	RebuildCommonClasses (51ms)
	RebuildNativeTypeToScriptingClass (17ms)
	initialDomainReloadingComplete (43ms)
	LoadAllAssembliesAndSetupDomain (314ms)
		LoadAssemblies (424ms)
		RebuildTransferFunctionScriptingTraits (0ms)
		AnalyzeDomain (17ms)
			TypeCache.Refresh (7ms)
				TypeCache.ScanAssembly (0ms)
			ScanForSourceGeneratedMonoScriptInfo (0ms)
			ResolveRequiredComponents (8ms)
	FinalizeReload (1499ms)
		ReleaseScriptCaches (0ms)
		RebuildScriptCaches (0ms)
		SetupLoadedEditorAssemblies (665ms)
			LogAssemblyErrors (0ms)
			InitializePlatformSupportModulesInManaged (27ms)
			SetLoadedEditorAssemblies (6ms)
			RefreshPlugins (0ms)
			BeforeProcessingInitializeOnLoad (87ms)
			ProcessInitializeOnLoadAttributes (493ms)
			ProcessInitializeOnLoadMethodAttributes (39ms)
			AfterProcessingInitializeOnLoad (12ms)
			EditorAssembliesLoaded (0ms)
		ExecutionOrderSort2 (0ms)
		AwakeInstancesAfterBackupRestoration (9ms)
Refreshing native plugins compatible for Editor in 8.38 ms, found 3 plugins.
Preloading 0 native plugins for Editor in 0.00 ms.
Unloading 3104 Unused Serialized files (Serialized files now loaded: 0)
Unloading 14 unused Assets / (28.5 KB). Loaded Objects now: 3622.
Memory consumption went from 124.1 MB to 124.1 MB.
Total: 6.142100 ms (FindLiveObjects: 0.525300 ms CreateObjectMapping: 0.448100 ms MarkObjects: 5.090800 ms  DeleteObjects: 0.075900 ms)

Prepare: number of updated asset objects reloaded= 0
AssetImportParameters requested are different than current active one (requested -> active):
  custom:container-demuxer-ogg: 62fdf1f143b41e24485cea50d1cbac27 -> 
  custom:video-codec-MediaFoundation-h265: 746d11721c4dcdbdad8f713fa42b33f4 -> 
  custom:video-decoder-ogg-theora: a1e56fd34408186e4bbccfd4996cb3dc -> 
  custom:framework-win-MediaFoundation: 216162199b28c13a410421893ffa2e32 -> 
  custom:CustomObjectIndexerAttribute: 9a22284fe3817be447336de3de66b15e -> 
  custom:scripting/monoscript/fileName/LayerTrigger.cs: fe0a7a1180c82483faf6ec99de852c15 -> 949eaa5cbbace5cb99a3cd3cb175e850
  custom:container-demuxer-webm: 4f35f7cbe854078d1ac9338744f61a02 -> 
  custom:scripting/monoscript/fileName/SpriteColorAnimation.cs: efe4917a546508cbf214152f66b562cd -> 4b60499cc4c43b7b4a7721f49f3235e7
  custom:scripting/monoscript/fileName/CameraFollow.cs: 8f57d6ad58855258db29de8de1bbaf85 -> 0eb351f923cdcb0d7750461aab444863
  custom:container-muxer-webm: aa71ff27fc2769a1b78a27578f13a17b -> 
  custom:video-decoder-webm-vp8: 9c59270c3fd7afecdb556c50c9e8de78 -> 
  custom:SearchIndexIgnoredProperties: e643bd26f0fe6173181afceb89e7c659 -> 
  custom:AudioImporter_EditorPlatform: d09bf68614088b80899f8185d706f6e7 -> 
  custom:scripting/monoscript/fileName/TopDownCharacterController.cs: 85ecbe8402e05a9d0992ceca555d6d4c -> 6a72fae984a5b5ba0e1cf975f6787b9a
  custom:video-encoder-webm-vp8: eb34c28f22e8b96e1ab97ce403110664 -> 
  custom:scripting/monoscript/fileName/PropsAltar.cs: 8c0ffd56ed4d849ee24a9d8607151675 -> 330897db6e74a178c13f23e82287a5f7
  custom:audio-decoder-ogg-vorbis: bf7c407c2cedff20999df2af8eb42d56 -> 
  custom:audio-encoder-webm-vorbis: bf7c407c2cedff20999df2af8eb42d56 -> 
========================================================================
Received Prepare
Caller must complete domain reload
Begin MonoManager ReloadAssembly
- Loaded All Assemblies, in  1.549 seconds
Native extension for WindowsStandalone target not found
Native extension for Android target not found
Mono: successfully reloaded assembly
- Finished resetting the current domain, in  2.134 seconds
Domain Reload Profiling: 3676ms
	BeginReloadAssembly (501ms)
		ExecutionOrderSort (0ms)
		DisableScriptedObjects (22ms)
		BackupInstance (0ms)
		ReleaseScriptingObjects (0ms)
		CreateAndSetChildDomain (151ms)
	RebuildCommonClasses (61ms)
	RebuildNativeTypeToScriptingClass (20ms)
	initialDomainReloadingComplete (71ms)
	LoadAllAssembliesAndSetupDomain (889ms)
		LoadAssemblies (1088ms)
		RebuildTransferFunctionScriptingTraits (0ms)
		AnalyzeDomain (28ms)
			TypeCache.Refresh (15ms)
				TypeCache.ScanAssembly (0ms)
			ScanForSourceGeneratedMonoScriptInfo (0ms)
			ResolveRequiredComponents (10ms)
	FinalizeReload (2134ms)
		ReleaseScriptCaches (0ms)
		RebuildScriptCaches (0ms)
		SetupLoadedEditorAssemblies (706ms)
			LogAssemblyErrors (0ms)
			InitializePlatformSupportModulesInManaged (32ms)
			SetLoadedEditorAssemblies (5ms)
			RefreshPlugins (0ms)
			BeforeProcessingInitializeOnLoad (109ms)
			ProcessInitializeOnLoadAttributes (511ms)
			ProcessInitializeOnLoadMethodAttributes (38ms)
			AfterProcessingInitializeOnLoad (12ms)
			EditorAssembliesLoaded (0ms)
		ExecutionOrderSort2 (0ms)
		AwakeInstancesAfterBackupRestoration (9ms)
Refreshing native plugins compatible for Editor in 9.71 ms, found 3 plugins.
Preloading 0 native plugins for Editor in 0.00 ms.
Unloading 3104 Unused Serialized files (Serialized files now loaded: 0)
Unloading 14 unused Assets / (28.5 KB). Loaded Objects now: 3625.
Memory consumption went from 124.1 MB to 124.1 MB.
Total: 7.248300 ms (FindLiveObjects: 0.353100 ms CreateObjectMapping: 0.119300 ms MarkObjects: 6.501600 ms  DeleteObjects: 0.272100 ms)

Prepare: number of updated asset objects reloaded= 0
AssetImportParameters requested are different than current active one (requested -> active):
  custom:container-demuxer-ogg: 62fdf1f143b41e24485cea50d1cbac27 -> 
  custom:video-codec-MediaFoundation-h265: 746d11721c4dcdbdad8f713fa42b33f4 -> 
  custom:video-decoder-ogg-theora: a1e56fd34408186e4bbccfd4996cb3dc -> 
  custom:framework-win-MediaFoundation: 216162199b28c13a410421893ffa2e32 -> 
  custom:CustomObjectIndexerAttribute: 9a22284fe3817be447336de3de66b15e -> 
  custom:scripting/monoscript/fileName/LayerTrigger.cs: fe0a7a1180c82483faf6ec99de852c15 -> 949eaa5cbbace5cb99a3cd3cb175e850
  custom:container-demuxer-webm: 4f35f7cbe854078d1ac9338744f61a02 -> 
  custom:scripting/monoscript/fileName/SpriteColorAnimation.cs: efe4917a546508cbf214152f66b562cd -> 4b60499cc4c43b7b4a7721f49f3235e7
  custom:scripting/monoscript/fileName/CameraFollow.cs: 8f57d6ad58855258db29de8de1bbaf85 -> 0eb351f923cdcb0d7750461aab444863
  custom:container-muxer-webm: aa71ff27fc2769a1b78a27578f13a17b -> 
  custom:video-decoder-webm-vp8: 9c59270c3fd7afecdb556c50c9e8de78 -> 
  custom:SearchIndexIgnoredProperties: e643bd26f0fe6173181afceb89e7c659 -> 
  custom:AudioImporter_EditorPlatform: d09bf68614088b80899f8185d706f6e7 -> 
  custom:scripting/monoscript/fileName/TopDownCharacterController.cs: 85ecbe8402e05a9d0992ceca555d6d4c -> 6a72fae984a5b5ba0e1cf975f6787b9a
  custom:video-encoder-webm-vp8: eb34c28f22e8b96e1ab97ce403110664 -> 
  custom:scripting/monoscript/fileName/PropsAltar.cs: 8c0ffd56ed4d849ee24a9d8607151675 -> 330897db6e74a178c13f23e82287a5f7
  custom:audio-decoder-ogg-vorbis: bf7c407c2cedff20999df2af8eb42d56 -> 
  custom:audio-encoder-webm-vorbis: bf7c407c2cedff20999df2af8eb42d56 -> 
========================================================================
Received Prepare
Caller must complete domain reload
Begin MonoManager ReloadAssembly
- Loaded All Assemblies, in  0.623 seconds
Native extension for WindowsStandalone target not found
Native extension for Android target not found
Mono: successfully reloaded assembly
- Finished resetting the current domain, in  1.798 seconds
Domain Reload Profiling: 2416ms
	BeginReloadAssembly (188ms)
		ExecutionOrderSort (0ms)
		DisableScriptedObjects (5ms)
		BackupInstance (0ms)
		ReleaseScriptingObjects (0ms)
		CreateAndSetChildDomain (36ms)
	RebuildCommonClasses (38ms)
	RebuildNativeTypeToScriptingClass (12ms)
	initialDomainReloadingComplete (43ms)
	LoadAllAssembliesAndSetupDomain (336ms)
		LoadAssemblies (432ms)
		RebuildTransferFunctionScriptingTraits (0ms)
		AnalyzeDomain (15ms)
			TypeCache.Refresh (6ms)
				TypeCache.ScanAssembly (0ms)
			ScanForSourceGeneratedMonoScriptInfo (0ms)
			ResolveRequiredComponents (7ms)
	FinalizeReload (1799ms)
		ReleaseScriptCaches (0ms)
		RebuildScriptCaches (0ms)
		SetupLoadedEditorAssemblies (692ms)
			LogAssemblyErrors (0ms)
			InitializePlatformSupportModulesInManaged (29ms)
			SetLoadedEditorAssemblies (8ms)
			RefreshPlugins (0ms)
			BeforeProcessingInitializeOnLoad (94ms)
			ProcessInitializeOnLoadAttributes (512ms)
			ProcessInitializeOnLoadMethodAttributes (38ms)
			AfterProcessingInitializeOnLoad (11ms)
			EditorAssembliesLoaded (0ms)
		ExecutionOrderSort2 (0ms)
		AwakeInstancesAfterBackupRestoration (9ms)
Refreshing native plugins compatible for Editor in 7.06 ms, found 3 plugins.
Preloading 0 native plugins for Editor in 0.00 ms.
Unloading 3104 Unused Serialized files (Serialized files now loaded: 0)
Unloading 14 unused Assets / (28.5 KB). Loaded Objects now: 3628.
Memory consumption went from 124.1 MB to 124.1 MB.
Total: 5.501400 ms (FindLiveObjects: 0.656100 ms CreateObjectMapping: 0.166600 ms MarkObjects: 4.576500 ms  DeleteObjects: 0.099500 ms)

Prepare: number of updated asset objects reloaded= 0
AssetImportParameters requested are different than current active one (requested -> active):
  custom:container-demuxer-ogg: 62fdf1f143b41e24485cea50d1cbac27 -> 
  custom:video-codec-MediaFoundation-h265: 746d11721c4dcdbdad8f713fa42b33f4 -> 
  custom:video-decoder-ogg-theora: a1e56fd34408186e4bbccfd4996cb3dc -> 
  custom:framework-win-MediaFoundation: 216162199b28c13a410421893ffa2e32 -> 
  custom:CustomObjectIndexerAttribute: 9a22284fe3817be447336de3de66b15e -> 
  custom:scripting/monoscript/fileName/LayerTrigger.cs: fe0a7a1180c82483faf6ec99de852c15 -> 949eaa5cbbace5cb99a3cd3cb175e850
  custom:container-demuxer-webm: 4f35f7cbe854078d1ac9338744f61a02 -> 
  custom:scripting/monoscript/fileName/SpriteColorAnimation.cs: efe4917a546508cbf214152f66b562cd -> 4b60499cc4c43b7b4a7721f49f3235e7
  custom:scripting/monoscript/fileName/CameraFollow.cs: 8f57d6ad58855258db29de8de1bbaf85 -> 0eb351f923cdcb0d7750461aab444863
  custom:container-muxer-webm: aa71ff27fc2769a1b78a27578f13a17b -> 
  custom:video-decoder-webm-vp8: 9c59270c3fd7afecdb556c50c9e8de78 -> 
  custom:SearchIndexIgnoredProperties: e643bd26f0fe6173181afceb89e7c659 -> 
  custom:AudioImporter_EditorPlatform: d09bf68614088b80899f8185d706f6e7 -> 
  custom:scripting/monoscript/fileName/TopDownCharacterController.cs: 85ecbe8402e05a9d0992ceca555d6d4c -> 6a72fae984a5b5ba0e1cf975f6787b9a
  custom:video-encoder-webm-vp8: eb34c28f22e8b96e1ab97ce403110664 -> 
  custom:scripting/monoscript/fileName/PropsAltar.cs: 8c0ffd56ed4d849ee24a9d8607151675 -> 330897db6e74a178c13f23e82287a5f7
  custom:audio-decoder-ogg-vorbis: bf7c407c2cedff20999df2af8eb42d56 -> 
  custom:audio-encoder-webm-vorbis: bf7c407c2cedff20999df2af8eb42d56 -> 
========================================================================
Received Prepare
Caller must complete domain reload
Begin MonoManager ReloadAssembly
- Loaded All Assemblies, in  0.998 seconds
Native extension for WindowsStandalone target not found
Native extension for Android target not found
Mono: successfully reloaded assembly
- Finished resetting the current domain, in 14.421 seconds
Domain Reload Profiling: 15415ms
	BeginReloadAssembly (330ms)
		ExecutionOrderSort (0ms)
		DisableScriptedObjects (10ms)
		BackupInstance (0ms)
		ReleaseScriptingObjects (0ms)
		CreateAndSetChildDomain (84ms)
	RebuildCommonClasses (38ms)
	RebuildNativeTypeToScriptingClass (13ms)
	initialDomainReloadingComplete (42ms)
	LoadAllAssembliesAndSetupDomain (570ms)
		LoadAssemblies (715ms)
		RebuildTransferFunctionScriptingTraits (0ms)
		AnalyzeDomain (37ms)
			TypeCache.Refresh (16ms)
				TypeCache.ScanAssembly (1ms)
			ScanForSourceGeneratedMonoScriptInfo (12ms)
			ResolveRequiredComponents (8ms)
	FinalizeReload (14421ms)
		ReleaseScriptCaches (0ms)
		RebuildScriptCaches (0ms)
		SetupLoadedEditorAssemblies (679ms)
			LogAssemblyErrors (0ms)
			InitializePlatformSupportModulesInManaged (26ms)
			SetLoadedEditorAssemblies (8ms)
			RefreshPlugins (0ms)
			BeforeProcessingInitializeOnLoad (99ms)
			ProcessInitializeOnLoadAttributes (494ms)
			ProcessInitializeOnLoadMethodAttributes (33ms)
			AfterProcessingInitializeOnLoad (20ms)
			EditorAssembliesLoaded (0ms)
		ExecutionOrderSort2 (0ms)
		AwakeInstancesAfterBackupRestoration (12ms)
Refreshing native plugins compatible for Editor in 8.33 ms, found 3 plugins.
Preloading 0 native plugins for Editor in 0.00 ms.
Unloading 3104 Unused Serialized files (Serialized files now loaded: 0)
Unloading 14 unused Assets / (28.5 KB). Loaded Objects now: 3631.
Memory consumption went from 124.1 MB to 124.1 MB.
Total: 3.695300 ms (FindLiveObjects: 0.346400 ms CreateObjectMapping: 0.118200 ms MarkObjects: 3.159200 ms  DeleteObjects: 0.070500 ms)

Prepare: number of updated asset objects reloaded= 0
AssetImportParameters requested are different than current active one (requested -> active):
  custom:container-demuxer-ogg: 62fdf1f143b41e24485cea50d1cbac27 -> 
  custom:video-codec-MediaFoundation-h265: 746d11721c4dcdbdad8f713fa42b33f4 -> 
  custom:video-decoder-ogg-theora: a1e56fd34408186e4bbccfd4996cb3dc -> 
  custom:framework-win-MediaFoundation: 216162199b28c13a410421893ffa2e32 -> 
  custom:CustomObjectIndexerAttribute: 9a22284fe3817be447336de3de66b15e -> 
  custom:scripting/monoscript/fileName/LayerTrigger.cs: fe0a7a1180c82483faf6ec99de852c15 -> 949eaa5cbbace5cb99a3cd3cb175e850
  custom:container-demuxer-webm: 4f35f7cbe854078d1ac9338744f61a02 -> 
  custom:scripting/monoscript/fileName/SpriteColorAnimation.cs: efe4917a546508cbf214152f66b562cd -> 4b60499cc4c43b7b4a7721f49f3235e7
  custom:scripting/monoscript/fileName/CameraFollow.cs: 8f57d6ad58855258db29de8de1bbaf85 -> 0eb351f923cdcb0d7750461aab444863
  custom:container-muxer-webm: aa71ff27fc2769a1b78a27578f13a17b -> 
  custom:video-decoder-webm-vp8: 9c59270c3fd7afecdb556c50c9e8de78 -> 
  custom:SearchIndexIgnoredProperties: e643bd26f0fe6173181afceb89e7c659 -> 
  custom:AudioImporter_EditorPlatform: d09bf68614088b80899f8185d706f6e7 -> 
  custom:scripting/monoscript/fileName/TopDownCharacterController.cs: 85ecbe8402e05a9d0992ceca555d6d4c -> 6a72fae984a5b5ba0e1cf975f6787b9a
  custom:video-encoder-webm-vp8: eb34c28f22e8b96e1ab97ce403110664 -> 
  custom:scripting/monoscript/fileName/PropsAltar.cs: 8c0ffd56ed4d849ee24a9d8607151675 -> 330897db6e74a178c13f23e82287a5f7
  custom:audio-decoder-ogg-vorbis: bf7c407c2cedff20999df2af8eb42d56 -> 
  custom:audio-encoder-webm-vorbis: bf7c407c2cedff20999df2af8eb42d56 -> 
========================================================================
Received Prepare
Caller must complete domain reload
Begin MonoManager ReloadAssembly
- Loaded All Assemblies, in  0.801 seconds
Native extension for WindowsStandalone target not found
Native extension for Android target not found
Mono: successfully reloaded assembly
- Finished resetting the current domain, in  2.673 seconds
Domain Reload Profiling: 3470ms
	BeginReloadAssembly (237ms)
		ExecutionOrderSort (0ms)
		DisableScriptedObjects (6ms)
		BackupInstance (0ms)
		ReleaseScriptingObjects (0ms)
		CreateAndSetChildDomain (47ms)
	RebuildCommonClasses (55ms)
	RebuildNativeTypeToScriptingClass (15ms)
	initialDomainReloadingComplete (49ms)
	LoadAllAssembliesAndSetupDomain (440ms)
		LoadAssemblies (559ms)
		RebuildTransferFunctionScriptingTraits (0ms)
		AnalyzeDomain (20ms)
			TypeCache.Refresh (7ms)
				TypeCache.ScanAssembly (0ms)
			ScanForSourceGeneratedMonoScriptInfo (0ms)
			ResolveRequiredComponents (10ms)
	FinalizeReload (2674ms)
		ReleaseScriptCaches (0ms)
		RebuildScriptCaches (0ms)
		SetupLoadedEditorAssemblies (775ms)
			LogAssemblyErrors (0ms)
			InitializePlatformSupportModulesInManaged (34ms)
			SetLoadedEditorAssemblies (8ms)
			RefreshPlugins (0ms)
			BeforeProcessingInitializeOnLoad (108ms)
			ProcessInitializeOnLoadAttributes (566ms)
			ProcessInitializeOnLoadMethodAttributes (45ms)
			AfterProcessingInitializeOnLoad (14ms)
			EditorAssembliesLoaded (0ms)
		ExecutionOrderSort2 (0ms)
		AwakeInstancesAfterBackupRestoration (10ms)
Refreshing native plugins compatible for Editor in 9.44 ms, found 3 plugins.
Preloading 0 native plugins for Editor in 0.00 ms.
Unloading 3104 Unused Serialized files (Serialized files now loaded: 0)
Unloading 14 unused Assets / (28.5 KB). Loaded Objects now: 3634.
Memory consumption went from 124.1 MB to 124.1 MB.
Total: 4.997600 ms (FindLiveObjects: 0.482500 ms CreateObjectMapping: 0.142600 ms MarkObjects: 4.306200 ms  DeleteObjects: 0.064900 ms)

Prepare: number of updated asset objects reloaded= 0
AssetImportParameters requested are different than current active one (requested -> active):
  custom:container-demuxer-ogg: 62fdf1f143b41e24485cea50d1cbac27 -> 
  custom:video-codec-MediaFoundation-h265: 746d11721c4dcdbdad8f713fa42b33f4 -> 
  custom:video-decoder-ogg-theora: a1e56fd34408186e4bbccfd4996cb3dc -> 
  custom:framework-win-MediaFoundation: 216162199b28c13a410421893ffa2e32 -> 
  custom:CustomObjectIndexerAttribute: 9a22284fe3817be447336de3de66b15e -> 
  custom:scripting/monoscript/fileName/LayerTrigger.cs: fe0a7a1180c82483faf6ec99de852c15 -> 949eaa5cbbace5cb99a3cd3cb175e850
  custom:container-demuxer-webm: 4f35f7cbe854078d1ac9338744f61a02 -> 
  custom:scripting/monoscript/fileName/SpriteColorAnimation.cs: efe4917a546508cbf214152f66b562cd -> 4b60499cc4c43b7b4a7721f49f3235e7
  custom:scripting/monoscript/fileName/CameraFollow.cs: 8f57d6ad58855258db29de8de1bbaf85 -> 0eb351f923cdcb0d7750461aab444863
  custom:container-muxer-webm: aa71ff27fc2769a1b78a27578f13a17b -> 
  custom:video-decoder-webm-vp8: 9c59270c3fd7afecdb556c50c9e8de78 -> 
  custom:SearchIndexIgnoredProperties: e643bd26f0fe6173181afceb89e7c659 -> 
  custom:AudioImporter_EditorPlatform: d09bf68614088b80899f8185d706f6e7 -> 
  custom:scripting/monoscript/fileName/TopDownCharacterController.cs: 85ecbe8402e05a9d0992ceca555d6d4c -> 6a72fae984a5b5ba0e1cf975f6787b9a
  custom:video-encoder-webm-vp8: eb34c28f22e8b96e1ab97ce403110664 -> 
  custom:scripting/monoscript/fileName/PropsAltar.cs: 8c0ffd56ed4d849ee24a9d8607151675 -> 330897db6e74a178c13f23e82287a5f7
  custom:audio-decoder-ogg-vorbis: bf7c407c2cedff20999df2af8eb42d56 -> 
  custom:audio-encoder-webm-vorbis: bf7c407c2cedff20999df2af8eb42d56 -> 
========================================================================
Received Prepare
Caller must complete domain reload
Begin MonoManager ReloadAssembly
- Loaded All Assemblies, in  0.690 seconds
Native extension for WindowsStandalone target not found
Native extension for Android target not found
Mono: successfully reloaded assembly
- Finished resetting the current domain, in  1.747 seconds
Domain Reload Profiling: 2431ms
	BeginReloadAssembly (261ms)
		ExecutionOrderSort (0ms)
		DisableScriptedObjects (6ms)
		BackupInstance (0ms)
		ReleaseScriptingObjects (0ms)
		CreateAndSetChildDomain (53ms)
	RebuildCommonClasses (53ms)
	RebuildNativeTypeToScriptingClass (22ms)
	initialDomainReloadingComplete (47ms)
	LoadAllAssembliesAndSetupDomain (301ms)
		LoadAssemblies (431ms)
		RebuildTransferFunctionScriptingTraits (0ms)
		AnalyzeDomain (16ms)
			TypeCache.Refresh (8ms)
				TypeCache.ScanAssembly (0ms)
			ScanForSourceGeneratedMonoScriptInfo (0ms)
			ResolveRequiredComponents (7ms)
	FinalizeReload (1748ms)
		ReleaseScriptCaches (0ms)
		RebuildScriptCaches (0ms)
		SetupLoadedEditorAssemblies (746ms)
			LogAssemblyErrors (0ms)
			InitializePlatformSupportModulesInManaged (25ms)
			SetLoadedEditorAssemblies (6ms)
			RefreshPlugins (0ms)
			BeforeProcessingInitializeOnLoad (102ms)
			ProcessInitializeOnLoadAttributes (555ms)
			ProcessInitializeOnLoadMethodAttributes (43ms)
			AfterProcessingInitializeOnLoad (15ms)
			EditorAssembliesLoaded (0ms)
		ExecutionOrderSort2 (0ms)
		AwakeInstancesAfterBackupRestoration (12ms)
Refreshing native plugins compatible for Editor in 7.89 ms, found 3 plugins.
Preloading 0 native plugins for Editor in 0.00 ms.
Unloading 3104 Unused Serialized files (Serialized files now loaded: 0)
Unloading 14 unused Assets / (28.6 KB). Loaded Objects now: 3637.
Memory consumption went from 124.1 MB to 124.1 MB.
Total: 4.036200 ms (FindLiveObjects: 0.330300 ms CreateObjectMapping: 0.160300 ms MarkObjects: 3.448700 ms  DeleteObjects: 0.094200 ms)

Prepare: number of updated asset objects reloaded= 0
AssetImportParameters requested are different than current active one (requested -> active):
  custom:container-demuxer-ogg: 62fdf1f143b41e24485cea50d1cbac27 -> 
  custom:video-codec-MediaFoundation-h265: 746d11721c4dcdbdad8f713fa42b33f4 -> 
  custom:video-decoder-ogg-theora: a1e56fd34408186e4bbccfd4996cb3dc -> 
  custom:framework-win-MediaFoundation: 216162199b28c13a410421893ffa2e32 -> 
  custom:CustomObjectIndexerAttribute: 9a22284fe3817be447336de3de66b15e -> 
  custom:scripting/monoscript/fileName/LayerTrigger.cs: fe0a7a1180c82483faf6ec99de852c15 -> 949eaa5cbbace5cb99a3cd3cb175e850
  custom:container-demuxer-webm: 4f35f7cbe854078d1ac9338744f61a02 -> 
  custom:scripting/monoscript/fileName/SpriteColorAnimation.cs: efe4917a546508cbf214152f66b562cd -> 4b60499cc4c43b7b4a7721f49f3235e7
  custom:scripting/monoscript/fileName/CameraFollow.cs: 8f57d6ad58855258db29de8de1bbaf85 -> 0eb351f923cdcb0d7750461aab444863
  custom:container-muxer-webm: aa71ff27fc2769a1b78a27578f13a17b -> 
  custom:video-decoder-webm-vp8: 9c59270c3fd7afecdb556c50c9e8de78 -> 
  custom:SearchIndexIgnoredProperties: e643bd26f0fe6173181afceb89e7c659 -> 
  custom:AudioImporter_EditorPlatform: d09bf68614088b80899f8185d706f6e7 -> 
  custom:scripting/monoscript/fileName/TopDownCharacterController.cs: 85ecbe8402e05a9d0992ceca555d6d4c -> 6a72fae984a5b5ba0e1cf975f6787b9a
  custom:video-encoder-webm-vp8: eb34c28f22e8b96e1ab97ce403110664 -> 
  custom:scripting/monoscript/fileName/PropsAltar.cs: 8c0ffd56ed4d849ee24a9d8607151675 -> 330897db6e74a178c13f23e82287a5f7
  custom:audio-decoder-ogg-vorbis: bf7c407c2cedff20999df2af8eb42d56 -> 
  custom:audio-encoder-webm-vorbis: bf7c407c2cedff20999df2af8eb42d56 -> 
========================================================================
Received Prepare
Caller must complete domain reload
Begin MonoManager ReloadAssembly
- Loaded All Assemblies, in  0.560 seconds
Native extension for WindowsStandalone target not found
Native extension for Android target not found
Mono: successfully reloaded assembly
- Finished resetting the current domain, in  1.263 seconds
Domain Reload Profiling: 1819ms
	BeginReloadAssembly (179ms)
		ExecutionOrderSort (0ms)
		DisableScriptedObjects (5ms)
		BackupInstance (0ms)
		ReleaseScriptingObjects (0ms)
		CreateAndSetChildDomain (34ms)
	RebuildCommonClasses (38ms)
	RebuildNativeTypeToScriptingClass (11ms)
	initialDomainReloadingComplete (41ms)
	LoadAllAssembliesAndSetupDomain (286ms)
		LoadAssemblies (359ms)
		RebuildTransferFunctionScriptingTraits (0ms)
		AnalyzeDomain (33ms)
			TypeCache.Refresh (12ms)
				TypeCache.ScanAssembly (0ms)
			ScanForSourceGeneratedMonoScriptInfo (12ms)
			ResolveRequiredComponents (8ms)
	FinalizeReload (1264ms)
		ReleaseScriptCaches (0ms)
		RebuildScriptCaches (0ms)
		SetupLoadedEditorAssemblies (522ms)
			LogAssemblyErrors (0ms)
			InitializePlatformSupportModulesInManaged (22ms)
			SetLoadedEditorAssemblies (4ms)
			RefreshPlugins (0ms)
			BeforeProcessingInitializeOnLoad (73ms)
			ProcessInitializeOnLoadAttributes (387ms)
			ProcessInitializeOnLoadMethodAttributes (25ms)
			AfterProcessingInitializeOnLoad (11ms)
			EditorAssembliesLoaded (0ms)
		ExecutionOrderSort2 (0ms)
		AwakeInstancesAfterBackupRestoration (7ms)
Refreshing native plugins compatible for Editor in 5.37 ms, found 3 plugins.
Preloading 0 native plugins for Editor in 0.00 ms.
Unloading 3104 Unused Serialized files (Serialized files now loaded: 0)
Unloading 14 unused Assets / (28.5 KB). Loaded Objects now: 3640.
Memory consumption went from 124.1 MB to 124.1 MB.
Total: 2.928100 ms (FindLiveObjects: 0.265700 ms CreateObjectMapping: 0.105000 ms MarkObjects: 2.501500 ms  DeleteObjects: 0.054700 ms)

Prepare: number of updated asset objects reloaded= 0
AssetImportParameters requested are different than current active one (requested -> active):
  custom:container-demuxer-ogg: 62fdf1f143b41e24485cea50d1cbac27 -> 
  custom:video-codec-MediaFoundation-h265: 746d11721c4dcdbdad8f713fa42b33f4 -> 
  custom:video-decoder-ogg-theora: a1e56fd34408186e4bbccfd4996cb3dc -> 
  custom:framework-win-MediaFoundation: 216162199b28c13a410421893ffa2e32 -> 
  custom:CustomObjectIndexerAttribute: 9a22284fe3817be447336de3de66b15e -> 
  custom:scripting/monoscript/fileName/LayerTrigger.cs: fe0a7a1180c82483faf6ec99de852c15 -> 949eaa5cbbace5cb99a3cd3cb175e850
  custom:container-demuxer-webm: 4f35f7cbe854078d1ac9338744f61a02 -> 
  custom:scripting/monoscript/fileName/SpriteColorAnimation.cs: efe4917a546508cbf214152f66b562cd -> 4b60499cc4c43b7b4a7721f49f3235e7
  custom:scripting/monoscript/fileName/CameraFollow.cs: 8f57d6ad58855258db29de8de1bbaf85 -> 0eb351f923cdcb0d7750461aab444863
  custom:container-muxer-webm: aa71ff27fc2769a1b78a27578f13a17b -> 
  custom:video-decoder-webm-vp8: 9c59270c3fd7afecdb556c50c9e8de78 -> 
  custom:SearchIndexIgnoredProperties: e643bd26f0fe6173181afceb89e7c659 -> 
  custom:AudioImporter_EditorPlatform: d09bf68614088b80899f8185d706f6e7 -> 
  custom:scripting/monoscript/fileName/TopDownCharacterController.cs: 85ecbe8402e05a9d0992ceca555d6d4c -> 6a72fae984a5b5ba0e1cf975f6787b9a
  custom:video-encoder-webm-vp8: eb34c28f22e8b96e1ab97ce403110664 -> 
  custom:scripting/monoscript/fileName/PropsAltar.cs: 8c0ffd56ed4d849ee24a9d8607151675 -> 330897db6e74a178c13f23e82287a5f7
  custom:audio-decoder-ogg-vorbis: bf7c407c2cedff20999df2af8eb42d56 -> 
  custom:audio-encoder-webm-vorbis: bf7c407c2cedff20999df2af8eb42d56 -> 
========================================================================
Received Prepare
Caller must complete domain reload
Begin MonoManager ReloadAssembly
- Loaded All Assemblies, in  0.717 seconds
Native extension for WindowsStandalone target not found
Native extension for Android target not found
Mono: successfully reloaded assembly
- Finished resetting the current domain, in  1.863 seconds
Domain Reload Profiling: 2573ms
	BeginReloadAssembly (265ms)
		ExecutionOrderSort (0ms)
		DisableScriptedObjects (10ms)
		BackupInstance (0ms)
		ReleaseScriptingObjects (0ms)
		CreateAndSetChildDomain (53ms)
	RebuildCommonClasses (50ms)
	RebuildNativeTypeToScriptingClass (15ms)
	initialDomainReloadingComplete (51ms)
	LoadAllAssembliesAndSetupDomain (329ms)
		LoadAssemblies (467ms)
		RebuildTransferFunctionScriptingTraits (0ms)
		AnalyzeDomain (17ms)
			TypeCache.Refresh (7ms)
				TypeCache.ScanAssembly (0ms)
			ScanForSourceGeneratedMonoScriptInfo (0ms)
			ResolveRequiredComponents (9ms)
	FinalizeReload (1863ms)
		ReleaseScriptCaches (0ms)
		RebuildScriptCaches (0ms)
		SetupLoadedEditorAssemblies (824ms)
			LogAssemblyErrors (0ms)
			InitializePlatformSupportModulesInManaged (35ms)
			SetLoadedEditorAssemblies (7ms)
			RefreshPlugins (0ms)
			BeforeProcessingInitializeOnLoad (112ms)
			ProcessInitializeOnLoadAttributes (606ms)
			ProcessInitializeOnLoadMethodAttributes (46ms)
			AfterProcessingInitializeOnLoad (17ms)
			EditorAssembliesLoaded (0ms)
		ExecutionOrderSort2 (0ms)
		AwakeInstancesAfterBackupRestoration (10ms)
Refreshing native plugins compatible for Editor in 6.28 ms, found 3 plugins.
Preloading 0 native plugins for Editor in 0.00 ms.
Unloading 3104 Unused Serialized files (Serialized files now loaded: 0)
Unloading 14 unused Assets / (28.6 KB). Loaded Objects now: 3643.
Memory consumption went from 124.1 MB to 124.1 MB.
Total: 6.102700 ms (FindLiveObjects: 0.579200 ms CreateObjectMapping: 0.127900 ms MarkObjects: 5.321000 ms  DeleteObjects: 0.073300 ms)

Prepare: number of updated asset objects reloaded= 0
AssetImportParameters requested are different than current active one (requested -> active):
  custom:container-demuxer-ogg: 62fdf1f143b41e24485cea50d1cbac27 -> 
  custom:video-codec-MediaFoundation-h265: 746d11721c4dcdbdad8f713fa42b33f4 -> 
  custom:video-decoder-ogg-theora: a1e56fd34408186e4bbccfd4996cb3dc -> 
  custom:framework-win-MediaFoundation: 216162199b28c13a410421893ffa2e32 -> 
  custom:CustomObjectIndexerAttribute: 9a22284fe3817be447336de3de66b15e -> 
  custom:scripting/monoscript/fileName/LayerTrigger.cs: fe0a7a1180c82483faf6ec99de852c15 -> 949eaa5cbbace5cb99a3cd3cb175e850
  custom:container-demuxer-webm: 4f35f7cbe854078d1ac9338744f61a02 -> 
  custom:scripting/monoscript/fileName/SpriteColorAnimation.cs: efe4917a546508cbf214152f66b562cd -> 4b60499cc4c43b7b4a7721f49f3235e7
  custom:scripting/monoscript/fileName/CameraFollow.cs: 8f57d6ad58855258db29de8de1bbaf85 -> 0eb351f923cdcb0d7750461aab444863
  custom:container-muxer-webm: aa71ff27fc2769a1b78a27578f13a17b -> 
  custom:video-decoder-webm-vp8: 9c59270c3fd7afecdb556c50c9e8de78 -> 
  custom:SearchIndexIgnoredProperties: e643bd26f0fe6173181afceb89e7c659 -> 
  custom:AudioImporter_EditorPlatform: d09bf68614088b80899f8185d706f6e7 -> 
  custom:scripting/monoscript/fileName/TopDownCharacterController.cs: 85ecbe8402e05a9d0992ceca555d6d4c -> 6a72fae984a5b5ba0e1cf975f6787b9a
  custom:video-encoder-webm-vp8: eb34c28f22e8b96e1ab97ce403110664 -> 
  custom:scripting/monoscript/fileName/PropsAltar.cs: 8c0ffd56ed4d849ee24a9d8607151675 -> 330897db6e74a178c13f23e82287a5f7
  custom:audio-decoder-ogg-vorbis: bf7c407c2cedff20999df2af8eb42d56 -> 
  custom:audio-encoder-webm-vorbis: bf7c407c2cedff20999df2af8eb42d56 -> 
========================================================================
Received Prepare
Caller must complete domain reload
Begin MonoManager ReloadAssembly
- Loaded All Assemblies, in  0.524 seconds
Native extension for WindowsStandalone target not found
Native extension for Android target not found
Mono: successfully reloaded assembly
- Finished resetting the current domain, in  1.405 seconds
Domain Reload Profiling: 1925ms
	BeginReloadAssembly (158ms)
		ExecutionOrderSort (0ms)
		DisableScriptedObjects (5ms)
		BackupInstance (0ms)
		ReleaseScriptingObjects (0ms)
		CreateAndSetChildDomain (30ms)
	RebuildCommonClasses (32ms)
	RebuildNativeTypeToScriptingClass (11ms)
	initialDomainReloadingComplete (38ms)
	LoadAllAssembliesAndSetupDomain (280ms)
		LoadAssemblies (344ms)
		RebuildTransferFunctionScriptingTraits (0ms)
		AnalyzeDomain (25ms)
			TypeCache.Refresh (10ms)
				TypeCache.ScanAssembly (0ms)
			ScanForSourceGeneratedMonoScriptInfo (9ms)
			ResolveRequiredComponents (5ms)
	FinalizeReload (1406ms)
		ReleaseScriptCaches (0ms)
		RebuildScriptCaches (0ms)
		SetupLoadedEditorAssemblies (628ms)
			LogAssemblyErrors (0ms)
			InitializePlatformSupportModulesInManaged (28ms)
			SetLoadedEditorAssemblies (7ms)
			RefreshPlugins (0ms)
			BeforeProcessingInitializeOnLoad (88ms)
			ProcessInitializeOnLoadAttributes (460ms)
			ProcessInitializeOnLoadMethodAttributes (33ms)
			AfterProcessingInitializeOnLoad (12ms)
			EditorAssembliesLoaded (0ms)
		ExecutionOrderSort2 (0ms)
		AwakeInstancesAfterBackupRestoration (9ms)
Refreshing native plugins compatible for Editor in 6.73 ms, found 3 plugins.
Preloading 0 native plugins for Editor in 0.00 ms.
Unloading 3104 Unused Serialized files (Serialized files now loaded: 0)
Unloading 14 unused Assets / (28.6 KB). Loaded Objects now: 3646.
Memory consumption went from 124.1 MB to 124.1 MB.
Total: 4.991300 ms (FindLiveObjects: 0.558600 ms CreateObjectMapping: 0.117600 ms MarkObjects: 4.221400 ms  DeleteObjects: 0.091300 ms)

Prepare: number of updated asset objects reloaded= 0
AssetImportParameters requested are different than current active one (requested -> active):
  custom:container-demuxer-ogg: 62fdf1f143b41e24485cea50d1cbac27 -> 
  custom:video-codec-MediaFoundation-h265: 746d11721c4dcdbdad8f713fa42b33f4 -> 
  custom:video-decoder-ogg-theora: a1e56fd34408186e4bbccfd4996cb3dc -> 
  custom:framework-win-MediaFoundation: 216162199b28c13a410421893ffa2e32 -> 
  custom:CustomObjectIndexerAttribute: 9a22284fe3817be447336de3de66b15e -> 
  custom:scripting/monoscript/fileName/LayerTrigger.cs: fe0a7a1180c82483faf6ec99de852c15 -> 949eaa5cbbace5cb99a3cd3cb175e850
  custom:container-demuxer-webm: 4f35f7cbe854078d1ac9338744f61a02 -> 
  custom:scripting/monoscript/fileName/SpriteColorAnimation.cs: efe4917a546508cbf214152f66b562cd -> 4b60499cc4c43b7b4a7721f49f3235e7
  custom:scripting/monoscript/fileName/CameraFollow.cs: 8f57d6ad58855258db29de8de1bbaf85 -> 0eb351f923cdcb0d7750461aab444863
  custom:container-muxer-webm: aa71ff27fc2769a1b78a27578f13a17b -> 
  custom:video-decoder-webm-vp8: 9c59270c3fd7afecdb556c50c9e8de78 -> 
  custom:SearchIndexIgnoredProperties: e643bd26f0fe6173181afceb89e7c659 -> 
  custom:AudioImporter_EditorPlatform: d09bf68614088b80899f8185d706f6e7 -> 
  custom:scripting/monoscript/fileName/TopDownCharacterController.cs: 85ecbe8402e05a9d0992ceca555d6d4c -> 6a72fae984a5b5ba0e1cf975f6787b9a
  custom:video-encoder-webm-vp8: eb34c28f22e8b96e1ab97ce403110664 -> 
  custom:scripting/monoscript/fileName/PropsAltar.cs: 8c0ffd56ed4d849ee24a9d8607151675 -> 330897db6e74a178c13f23e82287a5f7
  custom:audio-decoder-ogg-vorbis: bf7c407c2cedff20999df2af8eb42d56 -> 
  custom:audio-encoder-webm-vorbis: bf7c407c2cedff20999df2af8eb42d56 -> 
  custom:scripting/precompiled-assembly-types:Assembly-CSharp: e226fc103b942f1b1529687887f8828b -> 5fa1293e600a6cf5a241d016103574b3
========================================================================
Received Prepare
Caller must complete domain reload
Begin MonoManager ReloadAssembly
- Loaded All Assemblies, in  0.584 seconds
Native extension for WindowsStandalone target not found
Native extension for Android target not found
Mono: successfully reloaded assembly
- Finished resetting the current domain, in  1.408 seconds
Domain Reload Profiling: 1987ms
	BeginReloadAssembly (189ms)
		ExecutionOrderSort (0ms)
		DisableScriptedObjects (5ms)
		BackupInstance (0ms)
		ReleaseScriptingObjects (0ms)
		CreateAndSetChildDomain (35ms)
	RebuildCommonClasses (50ms)
	RebuildNativeTypeToScriptingClass (18ms)
	initialDomainReloadingComplete (45ms)
	LoadAllAssembliesAndSetupDomain (277ms)
		LoadAssemblies (366ms)
		RebuildTransferFunctionScriptingTraits (0ms)
		AnalyzeDomain (20ms)
			TypeCache.Refresh (7ms)
				TypeCache.ScanAssembly (0ms)
			ScanForSourceGeneratedMonoScriptInfo (6ms)
			ResolveRequiredComponents (5ms)
	FinalizeReload (1409ms)
		ReleaseScriptCaches (0ms)
		RebuildScriptCaches (0ms)
		SetupLoadedEditorAssemblies (582ms)
			LogAssemblyErrors (0ms)
			InitializePlatformSupportModulesInManaged (24ms)
			SetLoadedEditorAssemblies (6ms)
			RefreshPlugins (0ms)
			BeforeProcessingInitializeOnLoad (92ms)
			ProcessInitializeOnLoadAttributes (416ms)
			ProcessInitializeOnLoadMethodAttributes (34ms)
			AfterProcessingInitializeOnLoad (9ms)
			EditorAssembliesLoaded (0ms)
		ExecutionOrderSort2 (0ms)
		AwakeInstancesAfterBackupRestoration (7ms)
Refreshing native plugins compatible for Editor in 6.91 ms, found 3 plugins.
Preloading 0 native plugins for Editor in 0.00 ms.
Unloading 3104 Unused Serialized files (Serialized files now loaded: 0)
Unloading 14 unused Assets / (28.6 KB). Loaded Objects now: 3649.
Memory consumption went from 124.1 MB to 124.1 MB.
Total: 5.434500 ms (FindLiveObjects: 0.276800 ms CreateObjectMapping: 0.111000 ms MarkObjects: 4.928200 ms  DeleteObjects: 0.117300 ms)

Prepare: number of updated asset objects reloaded= 0
AssetImportParameters requested are different than current active one (requested -> active):
  custom:container-demuxer-ogg: 62fdf1f143b41e24485cea50d1cbac27 -> 
  custom:video-codec-MediaFoundation-h265: 746d11721c4dcdbdad8f713fa42b33f4 -> 
  custom:video-decoder-ogg-theora: a1e56fd34408186e4bbccfd4996cb3dc -> 
  custom:framework-win-MediaFoundation: 216162199b28c13a410421893ffa2e32 -> 
  custom:CustomObjectIndexerAttribute: 9a22284fe3817be447336de3de66b15e -> 
  custom:scripting/monoscript/fileName/LayerTrigger.cs: fe0a7a1180c82483faf6ec99de852c15 -> 949eaa5cbbace5cb99a3cd3cb175e850
  custom:container-demuxer-webm: 4f35f7cbe854078d1ac9338744f61a02 -> 
  custom:scripting/monoscript/fileName/SpriteColorAnimation.cs: efe4917a546508cbf214152f66b562cd -> 4b60499cc4c43b7b4a7721f49f3235e7
  custom:scripting/monoscript/fileName/CameraFollow.cs: 8f57d6ad58855258db29de8de1bbaf85 -> 0eb351f923cdcb0d7750461aab444863
  custom:container-muxer-webm: aa71ff27fc2769a1b78a27578f13a17b -> 
  custom:video-decoder-webm-vp8: 9c59270c3fd7afecdb556c50c9e8de78 -> 
  custom:SearchIndexIgnoredProperties: e643bd26f0fe6173181afceb89e7c659 -> 
  custom:AudioImporter_EditorPlatform: d09bf68614088b80899f8185d706f6e7 -> 
  custom:scripting/monoscript/fileName/TopDownCharacterController.cs: 85ecbe8402e05a9d0992ceca555d6d4c -> 6a72fae984a5b5ba0e1cf975f6787b9a
  custom:video-encoder-webm-vp8: eb34c28f22e8b96e1ab97ce403110664 -> 
  custom:scripting/monoscript/fileName/PropsAltar.cs: 8c0ffd56ed4d849ee24a9d8607151675 -> 330897db6e74a178c13f23e82287a5f7
  custom:audio-decoder-ogg-vorbis: bf7c407c2cedff20999df2af8eb42d56 -> 
  custom:audio-encoder-webm-vorbis: bf7c407c2cedff20999df2af8eb42d56 -> 
  custom:scripting/precompiled-assembly-types:Assembly-CSharp: 1873d5b9c6dffe5113798cf94b2903d7 -> 5fa1293e600a6cf5a241d016103574b3
========================================================================
Received Prepare
Caller must complete domain reload
Begin MonoManager ReloadAssembly
- Loaded All Assemblies, in  0.504 seconds
Native extension for WindowsStandalone target not found
Native extension for Android target not found
Mono: successfully reloaded assembly
- Finished resetting the current domain, in  1.432 seconds
Domain Reload Profiling: 1932ms
	BeginReloadAssembly (167ms)
		ExecutionOrderSort (0ms)
		DisableScriptedObjects (5ms)
		BackupInstance (0ms)
		ReleaseScriptingObjects (0ms)
		CreateAndSetChildDomain (38ms)
	RebuildCommonClasses (34ms)
	RebuildNativeTypeToScriptingClass (12ms)
	initialDomainReloadingComplete (41ms)
	LoadAllAssembliesAndSetupDomain (246ms)
		LoadAssemblies (317ms)
		RebuildTransferFunctionScriptingTraits (0ms)
		AnalyzeDomain (20ms)
			TypeCache.Refresh (7ms)
				TypeCache.ScanAssembly (0ms)
			ScanForSourceGeneratedMonoScriptInfo (6ms)
			ResolveRequiredComponents (5ms)
	FinalizeReload (1432ms)
		ReleaseScriptCaches (0ms)
		RebuildScriptCaches (0ms)
		SetupLoadedEditorAssemblies (641ms)
			LogAssemblyErrors (0ms)
			InitializePlatformSupportModulesInManaged (26ms)
			SetLoadedEditorAssemblies (6ms)
			RefreshPlugins (0ms)
			BeforeProcessingInitializeOnLoad (84ms)
			ProcessInitializeOnLoadAttributes (479ms)
			ProcessInitializeOnLoadMethodAttributes (33ms)
			AfterProcessingInitializeOnLoad (12ms)
			EditorAssembliesLoaded (0ms)
		ExecutionOrderSort2 (0ms)
		AwakeInstancesAfterBackupRestoration (8ms)
Refreshing native plugins compatible for Editor in 7.11 ms, found 3 plugins.
Preloading 0 native plugins for Editor in 0.00 ms.
Unloading 3104 Unused Serialized files (Serialized files now loaded: 0)
Unloading 14 unused Assets / (28.6 KB). Loaded Objects now: 3652.
Memory consumption went from 124.1 MB to 124.1 MB.
Total: 5.143500 ms (FindLiveObjects: 0.490700 ms CreateObjectMapping: 0.117800 ms MarkObjects: 4.439200 ms  DeleteObjects: 0.094300 ms)

Prepare: number of updated asset objects reloaded= 0
AssetImportParameters requested are different than current active one (requested -> active):
  custom:container-demuxer-ogg: 62fdf1f143b41e24485cea50d1cbac27 -> 
  custom:video-codec-MediaFoundation-h265: 746d11721c4dcdbdad8f713fa42b33f4 -> 
  custom:video-decoder-ogg-theora: a1e56fd34408186e4bbccfd4996cb3dc -> 
  custom:framework-win-MediaFoundation: 216162199b28c13a410421893ffa2e32 -> 
  custom:CustomObjectIndexerAttribute: 9a22284fe3817be447336de3de66b15e -> 
  custom:scripting/monoscript/fileName/LayerTrigger.cs: fe0a7a1180c82483faf6ec99de852c15 -> 949eaa5cbbace5cb99a3cd3cb175e850
  custom:container-demuxer-webm: 4f35f7cbe854078d1ac9338744f61a02 -> 
  custom:scripting/monoscript/fileName/SpriteColorAnimation.cs: efe4917a546508cbf214152f66b562cd -> 4b60499cc4c43b7b4a7721f49f3235e7
  custom:scripting/monoscript/fileName/CameraFollow.cs: 8f57d6ad58855258db29de8de1bbaf85 -> 0eb351f923cdcb0d7750461aab444863
  custom:container-muxer-webm: aa71ff27fc2769a1b78a27578f13a17b -> 
  custom:video-decoder-webm-vp8: 9c59270c3fd7afecdb556c50c9e8de78 -> 
  custom:SearchIndexIgnoredProperties: e643bd26f0fe6173181afceb89e7c659 -> 
  custom:AudioImporter_EditorPlatform: d09bf68614088b80899f8185d706f6e7 -> 
  custom:scripting/monoscript/fileName/TopDownCharacterController.cs: 85ecbe8402e05a9d0992ceca555d6d4c -> 6a72fae984a5b5ba0e1cf975f6787b9a
  custom:video-encoder-webm-vp8: eb34c28f22e8b96e1ab97ce403110664 -> 
  custom:scripting/monoscript/fileName/PropsAltar.cs: 8c0ffd56ed4d849ee24a9d8607151675 -> 330897db6e74a178c13f23e82287a5f7
  custom:audio-decoder-ogg-vorbis: bf7c407c2cedff20999df2af8eb42d56 -> 
  custom:audio-encoder-webm-vorbis: bf7c407c2cedff20999df2af8eb42d56 -> 
  custom:scripting/precompiled-assembly-types:Assembly-CSharp: 38614a3bf4f6875b587bc5396909fe37 -> 5fa1293e600a6cf5a241d016103574b3
========================================================================
Received Import Request.
  Time since last request: 334563.056454 seconds.
  path: Assets/ASSETS SHOP/Cainos/Pixel Art Top Down - Basic/Prefab/Props/PF Gate T2.prefab
  artifactKey: Guid(b95acdc3b0c1a444c87723520fbab2f0) Importer(815301076,1909f56bfc062723c751e8b465ee728b)
Start importing Assets/ASSETS SHOP/Cainos/Pixel Art Top Down - Basic/Prefab/Props/PF Gate T2.prefab using Guid(b95acdc3b0c1a444c87723520fbab2f0) Importer(815301076,1909f56bfc062723c751e8b465ee728b) [PhysX] Initialized MultithreadedTaskDispatcher with 16 workers.
[PhysX] Initialized MultithreadedTaskDispatcher with 16 workers.
 -> (artifact id: '7e09ee8b6fbc13ee3093fbd0a6623aae') in 0.176222 seconds
Number of updated asset objects reloaded before import = 0
Number of asset objects unloaded after import = 29
========================================================================
Received Import Request.
  Time since last request: 0.000046 seconds.
  path: Assets/ASSETS SHOP/Cainos/Pixel Art Top Down - Basic/Prefab/Props/PF Props Barrel.prefab
  artifactKey: Guid(413081fc53a78a043b38591243616398) Importer(815301076,1909f56bfc062723c751e8b465ee728b)
Start importing Assets/ASSETS SHOP/Cainos/Pixel Art Top Down - Basic/Prefab/Props/PF Props Barrel.prefab using Guid(413081fc53a78a043b38591243616398) Importer(815301076,1909f56bfc062723c751e8b465ee728b) [PhysX] Initialized MultithreadedTaskDispatcher with 16 workers.
[PhysX] Initialized MultithreadedTaskDispatcher with 16 workers.
 -> (artifact id: '62d11a7123268d6c1389c46cea7492dc') in 0.032831 seconds
Number of updated asset objects reloaded before import = 0
Number of asset objects unloaded after import = 16
========================================================================
Received Import Request.
  Time since last request: 0.000051 seconds.
  path: Assets/ASSETS SHOP/Cainos/Pixel Art Top Down - Basic/Prefab/Props/PF Props Crate Small.prefab
  artifactKey: Guid(2e2ac125e54a1e44780363d638b1df34) Importer(815301076,1909f56bfc062723c751e8b465ee728b)
Start importing Assets/ASSETS SHOP/Cainos/Pixel Art Top Down - Basic/Prefab/Props/PF Props Crate Small.prefab using Guid(2e2ac125e54a1e44780363d638b1df34) Importer(815301076,1909f56bfc062723c751e8b465ee728b) [PhysX] Initialized MultithreadedTaskDispatcher with 16 workers.
[PhysX] Initialized MultithreadedTaskDispatcher with 16 workers.
 -> (artifact id: 'cd0132a66e14792edf1f50c381746b54') in 0.022403 seconds
Number of updated asset objects reloaded before import = 0
Number of asset objects unloaded after import = 16
========================================================================
Received Import Request.
  Time since last request: 0.000031 seconds.
  path: Assets/ASSETS SHOP/Cainos/Pixel Art Top Down - Basic/Prefab/Props/PF Props Gravestone B.prefab
  artifactKey: Guid(6242b925f1d3e0d44a183102cd3d4c26) Importer(815301076,1909f56bfc062723c751e8b465ee728b)
Start importing Assets/ASSETS SHOP/Cainos/Pixel Art Top Down - Basic/Prefab/Props/PF Props Gravestone B.prefab using Guid(6242b925f1d3e0d44a183102cd3d4c26) Importer(815301076,1909f56bfc062723c751e8b465ee728b) [PhysX] Initialized MultithreadedTaskDispatcher with 16 workers.
[PhysX] Initialized MultithreadedTaskDispatcher with 16 workers.
 -> (artifact id: '93bc501d5136b6689e41b296b2b64be6') in 0.023609 seconds
Number of updated asset objects reloaded before import = 0
Number of asset objects unloaded after import = 15
========================================================================
Received Import Request.
  Time since last request: 0.000037 seconds.
  path: Assets/ASSETS SHOP/Cainos/Pixel Art Top Down - Basic/Prefab/Props/PF Props Pillar.prefab
  artifactKey: Guid(41ea6afb203377e42995d7d016ea5907) Importer(815301076,1909f56bfc062723c751e8b465ee728b)
Start importing Assets/ASSETS SHOP/Cainos/Pixel Art Top Down - Basic/Prefab/Props/PF Props Pillar.prefab using Guid(41ea6afb203377e42995d7d016ea5907) Importer(815301076,1909f56bfc062723c751e8b465ee728b) [PhysX] Initialized MultithreadedTaskDispatcher with 16 workers.
[PhysX] Initialized MultithreadedTaskDispatcher with 16 workers.
 -> (artifact id: '98c084661c41b9ed48e9f81ad66f9448') in 0.021036 seconds
Number of updated asset objects reloaded before import = 0
Number of asset objects unloaded after import = 15
========================================================================
Received Import Request.
  Time since last request: 0.000045 seconds.
  path: Assets/ASSETS SHOP/Cainos/Pixel Art Top Down - Basic/Prefab/Props/PF Props Brick T1.prefab
  artifactKey: Guid(ebdc6ef285e0bf542bed7e9c1bfb9923) Importer(815301076,1909f56bfc062723c751e8b465ee728b)
Start importing Assets/ASSETS SHOP/Cainos/Pixel Art Top Down - Basic/Prefab/Props/PF Props Brick T1.prefab using Guid(ebdc6ef285e0bf542bed7e9c1bfb9923) Importer(815301076,1909f56bfc062723c751e8b465ee728b) [PhysX] Initialized MultithreadedTaskDispatcher with 16 workers.
[PhysX] Initialized MultithreadedTaskDispatcher with 16 workers.
 -> (artifact id: '82da21eaac068fd033cfa58aa86edef9') in 0.022134 seconds
Number of updated asset objects reloaded before import = 0
Number of asset objects unloaded after import = 14
========================================================================
Received Import Request.
  Time since last request: 0.000027 seconds.
  path: Assets/ASSETS SHOP/Cainos/Pixel Art Top Down - Basic/Prefab/Props/PF Props Road Sign E.prefab
  artifactKey: Guid(b823debd04fd63f4d8e579210fe0ff20) Importer(815301076,1909f56bfc062723c751e8b465ee728b)
Start importing Assets/ASSETS SHOP/Cainos/Pixel Art Top Down - Basic/Prefab/Props/PF Props Road Sign E.prefab using Guid(b823debd04fd63f4d8e579210fe0ff20) Importer(815301076,1909f56bfc062723c751e8b465ee728b) [PhysX] Initialized MultithreadedTaskDispatcher with 16 workers.
[PhysX] Initialized MultithreadedTaskDispatcher with 16 workers.
 -> (artifact id: '1f19d342ef2e7d485aa4ec926ddabf74') in 0.023537 seconds
Number of updated asset objects reloaded before import = 0
Number of asset objects unloaded after import = 15
========================================================================
Received Import Request.
  Time since last request: 0.000036 seconds.
  path: Assets/ASSETS SHOP/Cainos/Pixel Art Top Down - Basic/Prefab/Props/PF Props Crate.prefab
  artifactKey: Guid(fb2df5b680b64b449a78162ebcd98e97) Importer(815301076,1909f56bfc062723c751e8b465ee728b)
Start importing Assets/ASSETS SHOP/Cainos/Pixel Art Top Down - Basic/Prefab/Props/PF Props Crate.prefab using Guid(fb2df5b680b64b449a78162ebcd98e97) Importer(815301076,1909f56bfc062723c751e8b465ee728b) [PhysX] Initialized MultithreadedTaskDispatcher with 16 workers.
[PhysX] Initialized MultithreadedTaskDispatcher with 16 workers.
 -> (artifact id: '5953ddf3d2abc2c8a5c9bfe692a91e78') in 0.026345 seconds
Number of updated asset objects reloaded before import = 0
Number of asset objects unloaded after import = 16
========================================================================
Received Import Request.
  Time since last request: 0.000029 seconds.
  path: Assets/ASSETS SHOP/Cainos/Pixel Art Top Down - Basic/Prefab/Props/PF Props Stair Broken L.prefab
  artifactKey: Guid(6bc7a266104dec640a8bc2ab2e5cd968) Importer(815301076,1909f56bfc062723c751e8b465ee728b)
Start importing Assets/ASSETS SHOP/Cainos/Pixel Art Top Down - Basic/Prefab/Props/PF Props Stair Broken L.prefab using Guid(6bc7a266104dec640a8bc2ab2e5cd968) Importer(815301076,1909f56bfc062723c751e8b465ee728b) [PhysX] Initialized MultithreadedTaskDispatcher with 16 workers.
[PhysX] Initialized MultithreadedTaskDispatcher with 16 workers.
 -> (artifact id: 'd923cd582690ec8c19cf700f04db117b') in 0.028230 seconds
Number of updated asset objects reloaded before import = 0
Number of asset objects unloaded after import = 28
========================================================================
Received Import Request.
  Time since last request: 0.000035 seconds.
  path: Assets/ASSETS SHOP/Cainos/Pixel Art Top Down - Basic/Prefab/Props/PF Props Stair L.prefab
  artifactKey: Guid(a92434f05fc24a2408687e0356655548) Importer(815301076,1909f56bfc062723c751e8b465ee728b)
Start importing Assets/ASSETS SHOP/Cainos/Pixel Art Top Down - Basic/Prefab/Props/PF Props Stair L.prefab using Guid(a92434f05fc24a2408687e0356655548) Importer(815301076,1909f56bfc062723c751e8b465ee728b) [PhysX] Initialized MultithreadedTaskDispatcher with 16 workers.
[PhysX] Initialized MultithreadedTaskDispatcher with 16 workers.
 -> (artifact id: 'ae616c06cbc8b172ce88ba73b058000b') in 0.020529 seconds
Number of updated asset objects reloaded before import = 0
Number of asset objects unloaded after import = 28
========================================================================
Received Import Request.
  Time since last request: 0.000021 seconds.
  path: Assets/ASSETS SHOP/Cainos/Pixel Art Top Down - Basic/Prefab/Props/PF Props Stair R.prefab
  artifactKey: Guid(df420ddd0ffda274cba2d4807d8987bd) Importer(815301076,1909f56bfc062723c751e8b465ee728b)
Start importing Assets/ASSETS SHOP/Cainos/Pixel Art Top Down - Basic/Prefab/Props/PF Props Stair R.prefab using Guid(df420ddd0ffda274cba2d4807d8987bd) Importer(815301076,1909f56bfc062723c751e8b465ee728b) [PhysX] Initialized MultithreadedTaskDispatcher with 16 workers.
[PhysX] Initialized MultithreadedTaskDispatcher with 16 workers.
 -> (artifact id: 'b0140d36ec29fd666651427a596708ba') in 0.019454 seconds
Number of updated asset objects reloaded before import = 0
Number of asset objects unloaded after import = 28
========================================================================
Received Import Request.
  Time since last request: 0.000028 seconds.
  path: Assets/ASSETS SHOP/Cainos/Pixel Art Top Down - Basic/Prefab/Props/PF Props Stone Bench E.prefab
  artifactKey: Guid(d925f1d26bd95904886e446c97ec33c3) Importer(815301076,1909f56bfc062723c751e8b465ee728b)
Start importing Assets/ASSETS SHOP/Cainos/Pixel Art Top Down - Basic/Prefab/Props/PF Props Stone Bench E.prefab using Guid(d925f1d26bd95904886e446c97ec33c3) Importer(815301076,1909f56bfc062723c751e8b465ee728b) [PhysX] Initialized MultithreadedTaskDispatcher with 16 workers.
[PhysX] Initialized MultithreadedTaskDispatcher with 16 workers.
 -> (artifact id: '804378046ffc7924e4a8a6695dbd7062') in 0.021913 seconds
Number of updated asset objects reloaded before import = 0
Number of asset objects unloaded after import = 15
========================================================================
Received Import Request.
  Time since last request: 0.000034 seconds.
  path: Assets/ASSETS SHOP/Cainos/Pixel Art Top Down - Basic/Prefab/Props/PF Props Stone Bench S.prefab
  artifactKey: Guid(8fd7cba4384381e4aad6dc90158fc9d5) Importer(815301076,1909f56bfc062723c751e8b465ee728b)
Start importing Assets/ASSETS SHOP/Cainos/Pixel Art Top Down - Basic/Prefab/Props/PF Props Stone Bench S.prefab using Guid(8fd7cba4384381e4aad6dc90158fc9d5) Importer(815301076,1909f56bfc062723c751e8b465ee728b) [PhysX] Initialized MultithreadedTaskDispatcher with 16 workers.
[PhysX] Initialized MultithreadedTaskDispatcher with 16 workers.
 -> (artifact id: '9659c1f72b1e5a90e2c0b30c34e7303a') in 0.020169 seconds
Number of updated asset objects reloaded before import = 0
Number of asset objects unloaded after import = 15
========================================================================
Received Import Request.
  Time since last request: 0.000021 seconds.
  path: Assets/ASSETS SHOP/Cainos/Pixel Art Top Down - Basic/Prefab/Props/PF Props Stone Coffin V.prefab
  artifactKey: Guid(e54d3c80cde4e314eae0912eca6a93ae) Importer(815301076,1909f56bfc062723c751e8b465ee728b)
Start importing Assets/ASSETS SHOP/Cainos/Pixel Art Top Down - Basic/Prefab/Props/PF Props Stone Coffin V.prefab using Guid(e54d3c80cde4e314eae0912eca6a93ae) Importer(815301076,1909f56bfc062723c751e8b465ee728b) [PhysX] Initialized MultithreadedTaskDispatcher with 16 workers.
[PhysX] Initialized MultithreadedTaskDispatcher with 16 workers.
 -> (artifact id: 'b56d94563c1b55dddc2541cdb55005b5') in 0.021917 seconds
Number of updated asset objects reloaded before import = 0
Number of asset objects unloaded after import = 15
========================================================================
Received Import Request.
  Time since last request: 0.000023 seconds.
  path: Assets/ASSETS SHOP/Cainos/Pixel Art Top Down - Basic/Prefab/Props/PF Props Stone Lantern.prefab
  artifactKey: Guid(84395be60ff2def43bb58fa039614eab) Importer(815301076,1909f56bfc062723c751e8b465ee728b)
Start importing Assets/ASSETS SHOP/Cainos/Pixel Art Top Down - Basic/Prefab/Props/PF Props Stone Lantern.prefab using Guid(84395be60ff2def43bb58fa039614eab) Importer(815301076,1909f56bfc062723c751e8b465ee728b) [PhysX] Initialized MultithreadedTaskDispatcher with 16 workers.
[PhysX] Initialized MultithreadedTaskDispatcher with 16 workers.
 -> (artifact id: 'fc90f45f1e80b0f92d18a4ae903c4578') in 0.023691 seconds
Number of updated asset objects reloaded before import = 0
Number of asset objects unloaded after import = 15
========================================================================
Received Import Request.
  Time since last request: 0.000022 seconds.
  path: Assets/ASSETS SHOP/Cainos/Pixel Art Top Down - Basic/Prefab/Props/PF Props Stone T4.prefab
  artifactKey: Guid(4c4e80b50a323dc478f7c84e0b8fdad2) Importer(815301076,1909f56bfc062723c751e8b465ee728b)
Start importing Assets/ASSETS SHOP/Cainos/Pixel Art Top Down - Basic/Prefab/Props/PF Props Stone T4.prefab using Guid(4c4e80b50a323dc478f7c84e0b8fdad2) Importer(815301076,1909f56bfc062723c751e8b465ee728b) [PhysX] Initialized MultithreadedTaskDispatcher with 16 workers.
[PhysX] Initialized MultithreadedTaskDispatcher with 16 workers.
 -> (artifact id: '39b782d5e65009d4bd1854add863d37c') in 0.018892 seconds
Number of updated asset objects reloaded before import = 0
Number of asset objects unloaded after import = 14
========================================================================
Received Import Request.
  Time since last request: 0.000022 seconds.
  path: Assets/ASSETS SHOP/Cainos/Pixel Art Top Down - Basic/Prefab/Props/PF Props Stone T6.prefab
  artifactKey: Guid(d5762f992ea3bd544bb8287f66e8f844) Importer(815301076,1909f56bfc062723c751e8b465ee728b)
Start importing Assets/ASSETS SHOP/Cainos/Pixel Art Top Down - Basic/Prefab/Props/PF Props Stone T6.prefab using Guid(d5762f992ea3bd544bb8287f66e8f844) Importer(815301076,1909f56bfc062723c751e8b465ee728b) [PhysX] Initialized MultithreadedTaskDispatcher with 16 workers.
[PhysX] Initialized MultithreadedTaskDispatcher with 16 workers.
 -> (artifact id: '17ded6602e547d9d4405f0ae55583209') in 0.020999 seconds
Number of updated asset objects reloaded before import = 0
Number of asset objects unloaded after import = 15
========================================================================
Received Import Request.
  Time since last request: 0.000026 seconds.
  path: Assets/ASSETS SHOP/Cainos/Pixel Art Top Down - Basic/Prefab/Props/PF Props Stone T7.prefab
  artifactKey: Guid(f826bf48ad5bedc4ab6cabe6c4e498e8) Importer(815301076,1909f56bfc062723c751e8b465ee728b)
Start importing Assets/ASSETS SHOP/Cainos/Pixel Art Top Down - Basic/Prefab/Props/PF Props Stone T7.prefab using Guid(f826bf48ad5bedc4ab6cabe6c4e498e8) Importer(815301076,1909f56bfc062723c751e8b465ee728b) [PhysX] Initialized MultithreadedTaskDispatcher with 16 workers.
[PhysX] Initialized MultithreadedTaskDispatcher with 16 workers.
 -> (artifact id: 'f4b9a68c8019e388ef769dac8b8aed3f') in 0.018368 seconds
Number of updated asset objects reloaded before import = 0
Number of asset objects unloaded after import = 15
========================================================================
Received Import Request.
  Time since last request: 0.000036 seconds.
  path: Assets/ASSETS SHOP/Cainos/Pixel Art Top Down - Basic/Prefab/Props/PF Props Gravestone C.prefab
  artifactKey: Guid(3fcd8726c7cd53345947949baefbab35) Importer(815301076,1909f56bfc062723c751e8b465ee728b)
Start importing Assets/ASSETS SHOP/Cainos/Pixel Art Top Down - Basic/Prefab/Props/PF Props Gravestone C.prefab using Guid(3fcd8726c7cd53345947949baefbab35) Importer(815301076,1909f56bfc062723c751e8b465ee728b) [PhysX] Initialized MultithreadedTaskDispatcher with 16 workers.
[PhysX] Initialized MultithreadedTaskDispatcher with 16 workers.
 -> (artifact id: 'b9dc799bbbfe2c5a79083175df10e5ae') in 0.019221 seconds
Number of updated asset objects reloaded before import = 0
Number of asset objects unloaded after import = 15
========================================================================
Received Import Request.
  Time since last request: 0.000057 seconds.
  path: Assets/ASSETS SHOP/Cainos/Pixel Art Top Down - Basic/Prefab/Props/PF Props Pot B.prefab
  artifactKey: Guid(63ee4b6a40c55fd429759b807832ded1) Importer(815301076,1909f56bfc062723c751e8b465ee728b)
Start importing Assets/ASSETS SHOP/Cainos/Pixel Art Top Down - Basic/Prefab/Props/PF Props Pot B.prefab using Guid(63ee4b6a40c55fd429759b807832ded1) Importer(815301076,1909f56bfc062723c751e8b465ee728b) [PhysX] Initialized MultithreadedTaskDispatcher with 16 workers.
[PhysX] Initialized MultithreadedTaskDispatcher with 16 workers.
 -> (artifact id: '7e302fe1d88c79ae3d75e9cab9f16b93') in 0.028671 seconds
Number of updated asset objects reloaded before import = 0
Number of asset objects unloaded after import = 16
========================================================================
Received Import Request.
  Time since last request: 0.000033 seconds.
  path: Assets/ASSETS SHOP/Cainos/Pixel Art Top Down - Basic/Prefab/Props/PF Props Road Sign W.prefab
  artifactKey: Guid(5c635e5bc09c93043a53ee0e17e89d0f) Importer(815301076,1909f56bfc062723c751e8b465ee728b)
Start importing Assets/ASSETS SHOP/Cainos/Pixel Art Top Down - Basic/Prefab/Props/PF Props Road Sign W.prefab using Guid(5c635e5bc09c93043a53ee0e17e89d0f) Importer(815301076,1909f56bfc062723c751e8b465ee728b) [PhysX] Initialized MultithreadedTaskDispatcher with 16 workers.
[PhysX] Initialized MultithreadedTaskDispatcher with 16 workers.
 -> (artifact id: 'de0d866c54daea537b49b3e8585e5d92') in 0.026708 seconds
Number of updated asset objects reloaded before import = 0
Number of asset objects unloaded after import = 15
========================================================================
Received Import Request.
  Time since last request: 0.000032 seconds.
  path: Assets/ASSETS SHOP/Cainos/Pixel Art Top Down - Basic/Prefab/Props/PF Props Stone T3.prefab
  artifactKey: Guid(ba7fef4c928d8c4459466bf93171730e) Importer(815301076,1909f56bfc062723c751e8b465ee728b)
Start importing Assets/ASSETS SHOP/Cainos/Pixel Art Top Down - Basic/Prefab/Props/PF Props Stone T3.prefab using Guid(ba7fef4c928d8c4459466bf93171730e) Importer(815301076,1909f56bfc062723c751e8b465ee728b) [PhysX] Initialized MultithreadedTaskDispatcher with 16 workers.
[PhysX] Initialized MultithreadedTaskDispatcher with 16 workers.
 -> (artifact id: 'ab3ea1c2d3b7e0670ae91ec143afa42e') in 0.029089 seconds
Number of updated asset objects reloaded before import = 0
Number of asset objects unloaded after import = 15
========================================================================
Received Import Request.
  Time since last request: 0.000046 seconds.
  path: Assets/ASSETS SHOP/Cainos/Pixel Art Top Down - Basic/Prefab/Props/PF Props Rune Pillar X3.prefab
  artifactKey: Guid(4fad9c4de6b725a43bb1200ed9479c08) Importer(815301076,1909f56bfc062723c751e8b465ee728b)
Start importing Assets/ASSETS SHOP/Cainos/Pixel Art Top Down - Basic/Prefab/Props/PF Props Rune Pillar X3.prefab using Guid(4fad9c4de6b725a43bb1200ed9479c08) Importer(815301076,1909f56bfc062723c751e8b465ee728b) [PhysX] Initialized MultithreadedTaskDispatcher with 16 workers.
[PhysX] Initialized MultithreadedTaskDispatcher with 16 workers.
 -> (artifact id: '2e610f2c3f35e23540fdad81ed345ac0') in 0.025818 seconds
Number of updated asset objects reloaded before import = 0
Number of asset objects unloaded after import = 20
========================================================================
Received Import Request.
  Time since last request: 17.847087 seconds.
  path: Assets/ASSETS SHOP/Gutty Kreum/Free Japanese City Game Assets/Tiles/Tilemap_1.asset
  artifactKey: Guid(2afdce90792f7c4409470533c5b16781) Importer(815301076,1909f56bfc062723c751e8b465ee728b)
Start importing Assets/ASSETS SHOP/Gutty Kreum/Free Japanese City Game Assets/Tiles/Tilemap_1.asset using Guid(2afdce90792f7c4409470533c5b16781) Importer(815301076,1909f56bfc062723c751e8b465ee728b) [PhysX] Initialized MultithreadedTaskDispatcher with 16 workers.
 -> (artifact id: 'b6a6e56662b4ffb94b3674d21b72d319') in 0.042335 seconds
Number of updated asset objects reloaded before import = 0
Number of asset objects unloaded after import = 3
========================================================================
Received Import Request.
  Time since last request: 0.000022 seconds.
  path: Assets/ASSETS SHOP/Gutty Kreum/Free Japanese City Game Assets/Tiles/Tilemap_4.asset
  artifactKey: Guid(1fd997bd3981ff44daf6137fc9c9bddb) Importer(815301076,1909f56bfc062723c751e8b465ee728b)
Start importing Assets/ASSETS SHOP/Gutty Kreum/Free Japanese City Game Assets/Tiles/Tilemap_4.asset using Guid(1fd997bd3981ff44daf6137fc9c9bddb) Importer(815301076,1909f56bfc062723c751e8b465ee728b) [PhysX] Initialized MultithreadedTaskDispatcher with 16 workers.
 -> (artifact id: 'e4b04c453a241f3e575902f65c3b2463') in 0.021454 seconds
Number of updated asset objects reloaded before import = 0
Number of asset objects unloaded after import = 3
========================================================================
Received Import Request.
  Time since last request: 0.004545 seconds.
  path: Assets/ASSETS SHOP/Gutty Kreum/Free Japanese City Game Assets/Tiles/Tilemap_6.asset
  artifactKey: Guid(8c9a76519d7b4304fb754eaf98d626a1) Importer(815301076,1909f56bfc062723c751e8b465ee728b)
Start importing Assets/ASSETS SHOP/Gutty Kreum/Free Japanese City Game Assets/Tiles/Tilemap_6.asset using Guid(8c9a76519d7b4304fb754eaf98d626a1) Importer(815301076,1909f56bfc062723c751e8b465ee728b) [PhysX] Initialized MultithreadedTaskDispatcher with 16 workers.
 -> (artifact id: '803df7f8a880c7168082d6f9439b858f') in 0.025805 seconds
Number of updated asset objects reloaded before import = 0
Number of asset objects unloaded after import = 3
========================================================================
Received Import Request.
  Time since last request: 0.002841 seconds.
  path: Assets/ASSETS SHOP/Gutty Kreum/Free Japanese City Game Assets/Tiles/Tilemap_8.asset
  artifactKey: Guid(8e1b9ba5b036784429fe7ba187bfc814) Importer(815301076,1909f56bfc062723c751e8b465ee728b)
Start importing Assets/ASSETS SHOP/Gutty Kreum/Free Japanese City Game Assets/Tiles/Tilemap_8.asset using Guid(8e1b9ba5b036784429fe7ba187bfc814) Importer(815301076,1909f56bfc062723c751e8b465ee728b) [PhysX] Initialized MultithreadedTaskDispatcher with 16 workers.
 -> (artifact id: '7ba9a8d4f637a80666d0539a1e78bbb0') in 0.017791 seconds
Number of updated asset objects reloaded before import = 0
Number of asset objects unloaded after import = 3
========================================================================
Received Import Request.
  Time since last request: 0.002120 seconds.
  path: Assets/ASSETS SHOP/Gutty Kreum/Free Japanese City Game Assets/Tiles/Tilemap_10.asset
  artifactKey: Guid(ef0a467d0dab4254b81506380ac20790) Importer(815301076,1909f56bfc062723c751e8b465ee728b)
Start importing Assets/ASSETS SHOP/Gutty Kreum/Free Japanese City Game Assets/Tiles/Tilemap_10.asset using Guid(ef0a467d0dab4254b81506380ac20790) Importer(815301076,1909f56bfc062723c751e8b465ee728b) [PhysX] Initialized MultithreadedTaskDispatcher with 16 workers.
 -> (artifact id: 'd2c00c7d761fc04e81164084e59174ce') in 0.021061 seconds
Number of updated asset objects reloaded before import = 0
Number of asset objects unloaded after import = 3
========================================================================
Received Import Request.
  Time since last request: 0.005108 seconds.
  path: Assets/ASSETS SHOP/Gutty Kreum/Free Japanese City Game Assets/Tiles/Tilemap_12.asset
  artifactKey: Guid(db3b48ff6c970314cbafa54a9269985a) Importer(815301076,1909f56bfc062723c751e8b465ee728b)
Start importing Assets/ASSETS SHOP/Gutty Kreum/Free Japanese City Game Assets/Tiles/Tilemap_12.asset using Guid(db3b48ff6c970314cbafa54a9269985a) Importer(815301076,1909f56bfc062723c751e8b465ee728b) [PhysX] Initialized MultithreadedTaskDispatcher with 16 workers.
 -> (artifact id: 'a315cd6d3c6135372ad6325427f4df8d') in 0.018400 seconds
Number of updated asset objects reloaded before import = 0
Number of asset objects unloaded after import = 3
========================================================================
Received Import Request.
  Time since last request: 0.002314 seconds.
  path: Assets/ASSETS SHOP/Gutty Kreum/Free Japanese City Game Assets/Tiles/Tilemap_14.asset
  artifactKey: Guid(114bc38f66f37104c911aebd3f7e9d94) Importer(815301076,1909f56bfc062723c751e8b465ee728b)
Start importing Assets/ASSETS SHOP/Gutty Kreum/Free Japanese City Game Assets/Tiles/Tilemap_14.asset using Guid(114bc38f66f37104c911aebd3f7e9d94) Importer(815301076,1909f56bfc062723c751e8b465ee728b) [PhysX] Initialized MultithreadedTaskDispatcher with 16 workers.
 -> (artifact id: 'b59b326b8d60a4bc98c6d5515e696a44') in 0.018224 seconds
Number of updated asset objects reloaded before import = 0
Number of asset objects unloaded after import = 3
========================================================================
Received Import Request.
  Time since last request: 0.004336 seconds.
  path: Assets/ASSETS SHOP/Gutty Kreum/Free Japanese City Game Assets/Tiles/Tilemap_16.asset
  artifactKey: Guid(9b5a873a9254172458e33c5c861243fa) Importer(815301076,1909f56bfc062723c751e8b465ee728b)
Start importing Assets/ASSETS SHOP/Gutty Kreum/Free Japanese City Game Assets/Tiles/Tilemap_16.asset using Guid(9b5a873a9254172458e33c5c861243fa) Importer(815301076,1909f56bfc062723c751e8b465ee728b) [PhysX] Initialized MultithreadedTaskDispatcher with 16 workers.
 -> (artifact id: '5752a4b9ad76c26acf889da86c7f2da8') in 0.020885 seconds
Number of updated asset objects reloaded before import = 0
Number of asset objects unloaded after import = 3
========================================================================
Received Import Request.
  Time since last request: 0.001863 seconds.
  path: Assets/ASSETS SHOP/Gutty Kreum/Free Japanese City Game Assets/Tiles/Tilemap_18.asset
  artifactKey: Guid(3c2b358f0ffc11041998a4460f44f89a) Importer(815301076,1909f56bfc062723c751e8b465ee728b)
Start importing Assets/ASSETS SHOP/Gutty Kreum/Free Japanese City Game Assets/Tiles/Tilemap_18.asset using Guid(3c2b358f0ffc11041998a4460f44f89a) Importer(815301076,1909f56bfc062723c751e8b465ee728b) [PhysX] Initialized MultithreadedTaskDispatcher with 16 workers.
 -> (artifact id: '1f5788bc1262e73a358cffcda11a743a') in 0.018639 seconds
Number of updated asset objects reloaded before import = 0
Number of asset objects unloaded after import = 3
========================================================================
Received Import Request.
  Time since last request: 0.002845 seconds.
  path: Assets/ASSETS SHOP/Gutty Kreum/Free Japanese City Game Assets/Tiles/Tilemap_20.asset
  artifactKey: Guid(61494dcec2c3c394b90bdb34b71a54a8) Importer(815301076,1909f56bfc062723c751e8b465ee728b)
Start importing Assets/ASSETS SHOP/Gutty Kreum/Free Japanese City Game Assets/Tiles/Tilemap_20.asset using Guid(61494dcec2c3c394b90bdb34b71a54a8) Importer(815301076,1909f56bfc062723c751e8b465ee728b) [PhysX] Initialized MultithreadedTaskDispatcher with 16 workers.
 -> (artifact id: '8814c0000243f147884a9b6209386dd0') in 0.020781 seconds
Number of updated asset objects reloaded before import = 0
Number of asset objects unloaded after import = 3
========================================================================
Received Import Request.
  Time since last request: 0.002184 seconds.
  path: Assets/ASSETS SHOP/Gutty Kreum/Free Japanese City Game Assets/Tiles/Tilemap_22.asset
  artifactKey: Guid(9860173b9c74d5244b64e084a44397d0) Importer(815301076,1909f56bfc062723c751e8b465ee728b)
Start importing Assets/ASSETS SHOP/Gutty Kreum/Free Japanese City Game Assets/Tiles/Tilemap_22.asset using Guid(9860173b9c74d5244b64e084a44397d0) Importer(815301076,1909f56bfc062723c751e8b465ee728b) [PhysX] Initialized MultithreadedTaskDispatcher with 16 workers.
 -> (artifact id: '3c8be4a5801dfd7f38922eb03bd7234b') in 0.019335 seconds
Number of updated asset objects reloaded before import = 0
Number of asset objects unloaded after import = 3
========================================================================
Received Import Request.
  Time since last request: 0.002498 seconds.
  path: Assets/ASSETS SHOP/Gutty Kreum/Free Japanese City Game Assets/Tiles/Tilemap_24.asset
  artifactKey: Guid(74988e04d76d29b479af40d452f49b42) Importer(815301076,1909f56bfc062723c751e8b465ee728b)
Start importing Assets/ASSETS SHOP/Gutty Kreum/Free Japanese City Game Assets/Tiles/Tilemap_24.asset using Guid(74988e04d76d29b479af40d452f49b42) Importer(815301076,1909f56bfc062723c751e8b465ee728b) [PhysX] Initialized MultithreadedTaskDispatcher with 16 workers.
 -> (artifact id: '737588ac407f29975857d7c40b5351bc') in 0.019212 seconds
Number of updated asset objects reloaded before import = 0
Number of asset objects unloaded after import = 3
========================================================================
Received Import Request.
  Time since last request: 0.001919 seconds.
  path: Assets/ASSETS SHOP/Gutty Kreum/Free Japanese City Game Assets/Tiles/Tilemap_26.asset
  artifactKey: Guid(1d7679096df14e749834a262373e82bc) Importer(815301076,1909f56bfc062723c751e8b465ee728b)
Start importing Assets/ASSETS SHOP/Gutty Kreum/Free Japanese City Game Assets/Tiles/Tilemap_26.asset using Guid(1d7679096df14e749834a262373e82bc) Importer(815301076,1909f56bfc062723c751e8b465ee728b) [PhysX] Initialized MultithreadedTaskDispatcher with 16 workers.
 -> (artifact id: '3af348dbb0ffe8af58538000164fde51') in 0.019522 seconds
Number of updated asset objects reloaded before import = 0
Number of asset objects unloaded after import = 3
========================================================================
Received Import Request.
  Time since last request: 0.003872 seconds.
  path: Assets/ASSETS SHOP/Gutty Kreum/Free Japanese City Game Assets/Tiles/Tilemap_28.asset
  artifactKey: Guid(fdcddb79bc2ccd543a1eb841e9ff7856) Importer(815301076,1909f56bfc062723c751e8b465ee728b)
Start importing Assets/ASSETS SHOP/Gutty Kreum/Free Japanese City Game Assets/Tiles/Tilemap_28.asset using Guid(fdcddb79bc2ccd543a1eb841e9ff7856) Importer(815301076,1909f56bfc062723c751e8b465ee728b) [PhysX] Initialized MultithreadedTaskDispatcher with 16 workers.
 -> (artifact id: '7af229b95e67161b29f5d24999190da1') in 0.015926 seconds
Number of updated asset objects reloaded before import = 0
Number of asset objects unloaded after import = 3
========================================================================
Received Import Request.
  Time since last request: 0.002026 seconds.
  path: Assets/ASSETS SHOP/Gutty Kreum/Free Japanese City Game Assets/Tiles/Tilemap_30.asset
  artifactKey: Guid(e9b853f0fe049364281cef70417edba5) Importer(815301076,1909f56bfc062723c751e8b465ee728b)
Start importing Assets/ASSETS SHOP/Gutty Kreum/Free Japanese City Game Assets/Tiles/Tilemap_30.asset using Guid(e9b853f0fe049364281cef70417edba5) Importer(815301076,1909f56bfc062723c751e8b465ee728b) [PhysX] Initialized MultithreadedTaskDispatcher with 16 workers.
 -> (artifact id: '1ed99c772f5ce8cc578a1344e1565e3f') in 0.016966 seconds
Number of updated asset objects reloaded before import = 0
Number of asset objects unloaded after import = 3
========================================================================
Received Import Request.
  Time since last request: 0.002676 seconds.
  path: Assets/ASSETS SHOP/Gutty Kreum/Free Japanese City Game Assets/Tiles/Tilemap_32.asset
  artifactKey: Guid(5f3aa252538a66d46b01ad07a222d2e1) Importer(815301076,1909f56bfc062723c751e8b465ee728b)
Start importing Assets/ASSETS SHOP/Gutty Kreum/Free Japanese City Game Assets/Tiles/Tilemap_32.asset using Guid(5f3aa252538a66d46b01ad07a222d2e1) Importer(815301076,1909f56bfc062723c751e8b465ee728b) [PhysX] Initialized MultithreadedTaskDispatcher with 16 workers.
 -> (artifact id: 'cf7ddc3baee5b0e241b1fe399623e30b') in 0.016116 seconds
Number of updated asset objects reloaded before import = 0
Number of asset objects unloaded after import = 3
========================================================================
Received Import Request.
  Time since last request: 0.003395 seconds.
  path: Assets/ASSETS SHOP/Gutty Kreum/Free Japanese City Game Assets/Tiles/Tilemap_34.asset
  artifactKey: Guid(31d4d2f034bb7c843b4be58381029d4c) Importer(815301076,1909f56bfc062723c751e8b465ee728b)
Start importing Assets/ASSETS SHOP/Gutty Kreum/Free Japanese City Game Assets/Tiles/Tilemap_34.asset using Guid(31d4d2f034bb7c843b4be58381029d4c) Importer(815301076,1909f56bfc062723c751e8b465ee728b) [PhysX] Initialized MultithreadedTaskDispatcher with 16 workers.
 -> (artifact id: '4f38148f1f6c3208d0889ee7a06e0900') in 0.018794 seconds
Number of updated asset objects reloaded before import = 0
Number of asset objects unloaded after import = 3
========================================================================
Received Import Request.
  Time since last request: 0.001224 seconds.
  path: Assets/ASSETS SHOP/Gutty Kreum/Free Japanese City Game Assets/Tiles/Tilemap_36.asset
  artifactKey: Guid(92d575c33da7c0442b7ac36d611d36d9) Importer(815301076,1909f56bfc062723c751e8b465ee728b)
Start importing Assets/ASSETS SHOP/Gutty Kreum/Free Japanese City Game Assets/Tiles/Tilemap_36.asset using Guid(92d575c33da7c0442b7ac36d611d36d9) Importer(815301076,1909f56bfc062723c751e8b465ee728b) [PhysX] Initialized MultithreadedTaskDispatcher with 16 workers.
 -> (artifact id: '52296a63883a9f1d56627928ec787f66') in 0.022379 seconds
Number of updated asset objects reloaded before import = 0
Number of asset objects unloaded after import = 3
========================================================================
Received Import Request.
  Time since last request: 0.008379 seconds.
  path: Assets/ASSETS SHOP/Gutty Kreum/Free Japanese City Game Assets/Tiles/Tilemap_39.asset
  artifactKey: Guid(8f4e074c2b66391488b429475dc7a339) Importer(815301076,1909f56bfc062723c751e8b465ee728b)
Start importing Assets/ASSETS SHOP/Gutty Kreum/Free Japanese City Game Assets/Tiles/Tilemap_39.asset using Guid(8f4e074c2b66391488b429475dc7a339) Importer(815301076,1909f56bfc062723c751e8b465ee728b) [PhysX] Initialized MultithreadedTaskDispatcher with 16 workers.
 -> (artifact id: '9ac1a74953f24475735b8c395f3406d5') in 0.017766 seconds
Number of updated asset objects reloaded before import = 0
Number of asset objects unloaded after import = 3
========================================================================
Received Import Request.
  Time since last request: 0.014795 seconds.
  path: Assets/ASSETS SHOP/Gutty Kreum/Free Japanese City Game Assets/Tiles/Tilemap_42.asset
  artifactKey: Guid(506530cb19bf88c4ba4a8a67f8552d13) Importer(815301076,1909f56bfc062723c751e8b465ee728b)
Start importing Assets/ASSETS SHOP/Gutty Kreum/Free Japanese City Game Assets/Tiles/Tilemap_42.asset using Guid(506530cb19bf88c4ba4a8a67f8552d13) Importer(815301076,1909f56bfc062723c751e8b465ee728b) [PhysX] Initialized MultithreadedTaskDispatcher with 16 workers.
 -> (artifact id: 'e53dc3b61ee462b2827c08b709b727c7') in 0.018264 seconds
Number of updated asset objects reloaded before import = 0
Number of asset objects unloaded after import = 3
========================================================================
Received Import Request.
  Time since last request: 0.003403 seconds.
  path: Assets/ASSETS SHOP/Gutty Kreum/Free Japanese City Game Assets/Tiles/Tilemap_44.asset
  artifactKey: Guid(2c56eff19d683d74ba85c26621b7a8b1) Importer(815301076,1909f56bfc062723c751e8b465ee728b)
Start importing Assets/ASSETS SHOP/Gutty Kreum/Free Japanese City Game Assets/Tiles/Tilemap_44.asset using Guid(2c56eff19d683d74ba85c26621b7a8b1) Importer(815301076,1909f56bfc062723c751e8b465ee728b) [PhysX] Initialized MultithreadedTaskDispatcher with 16 workers.
 -> (artifact id: '196b5bc6eab09300e303794bebe8f079') in 0.018082 seconds
Number of updated asset objects reloaded before import = 0
Number of asset objects unloaded after import = 3
========================================================================
Received Import Request.
  Time since last request: 1.185813 seconds.
  path: Assets/ASSETS SHOP/Gutty Kreum/Free Japanese City Game Assets/Tiles/Tilemap_46.asset
  artifactKey: Guid(3cc154a3c44b2be44b03f72dfeb33701) Importer(815301076,1909f56bfc062723c751e8b465ee728b)
Start importing Assets/ASSETS SHOP/Gutty Kreum/Free Japanese City Game Assets/Tiles/Tilemap_46.asset using Guid(3cc154a3c44b2be44b03f72dfeb33701) Importer(815301076,1909f56bfc062723c751e8b465ee728b) [PhysX] Initialized MultithreadedTaskDispatcher with 16 workers.
 -> (artifact id: '6b2c89874fac6d0ac70d778dcb5fb6aa') in 0.017818 seconds
Number of updated asset objects reloaded before import = 0
Number of asset objects unloaded after import = 3
========================================================================
Received Import Request.
  Time since last request: 0.002001 seconds.
  path: Assets/ASSETS SHOP/Gutty Kreum/Free Japanese City Game Assets/Tiles/Tilemap_48.asset
  artifactKey: Guid(edfa1b1a159054c4591d375ad748add9) Importer(815301076,1909f56bfc062723c751e8b465ee728b)
Start importing Assets/ASSETS SHOP/Gutty Kreum/Free Japanese City Game Assets/Tiles/Tilemap_48.asset using Guid(edfa1b1a159054c4591d375ad748add9) Importer(815301076,1909f56bfc062723c751e8b465ee728b) [PhysX] Initialized MultithreadedTaskDispatcher with 16 workers.
 -> (artifact id: '22695f1c505c1d2d966e35dde0e9b93a') in 0.018693 seconds
Number of updated asset objects reloaded before import = 0
Number of asset objects unloaded after import = 3
========================================================================
Received Import Request.
  Time since last request: 0.005376 seconds.
  path: Assets/ASSETS SHOP/Gutty Kreum/Free Japanese City Game Assets/Tiles/Tilemap_50.asset
  artifactKey: Guid(55ccdc7061494b44dbaea53613e2a4c7) Importer(815301076,1909f56bfc062723c751e8b465ee728b)
Start importing Assets/ASSETS SHOP/Gutty Kreum/Free Japanese City Game Assets/Tiles/Tilemap_50.asset using Guid(55ccdc7061494b44dbaea53613e2a4c7) Importer(815301076,1909f56bfc062723c751e8b465ee728b) [PhysX] Initialized MultithreadedTaskDispatcher with 16 workers.
 -> (artifact id: '964c2d1638749140cf553b6b5980d720') in 0.022328 seconds
Number of updated asset objects reloaded before import = 0
Number of asset objects unloaded after import = 3
========================================================================
Received Import Request.
  Time since last request: 0.013751 seconds.
  path: Assets/ASSETS SHOP/Gutty Kreum/Free Japanese City Game Assets/Tiles/Tilemap_53.asset
  artifactKey: Guid(de3f0da7737216f499b81de5401be29e) Importer(815301076,1909f56bfc062723c751e8b465ee728b)
Start importing Assets/ASSETS SHOP/Gutty Kreum/Free Japanese City Game Assets/Tiles/Tilemap_53.asset using Guid(de3f0da7737216f499b81de5401be29e) Importer(815301076,1909f56bfc062723c751e8b465ee728b) [PhysX] Initialized MultithreadedTaskDispatcher with 16 workers.
 -> (artifact id: 'e98f4b3d1c6454b8cb73ee6b0bd1c842') in 0.019147 seconds
Number of updated asset objects reloaded before import = 0
Number of asset objects unloaded after import = 3
========================================================================
Received Import Request.
  Time since last request: 0.002630 seconds.
  path: Assets/ASSETS SHOP/Gutty Kreum/Free Japanese City Game Assets/Tiles/Tilemap_55.asset
  artifactKey: Guid(f6003ad19fce9dd4fbc4d563c522eb85) Importer(815301076,1909f56bfc062723c751e8b465ee728b)
Start importing Assets/ASSETS SHOP/Gutty Kreum/Free Japanese City Game Assets/Tiles/Tilemap_55.asset using Guid(f6003ad19fce9dd4fbc4d563c522eb85) Importer(815301076,1909f56bfc062723c751e8b465ee728b) [PhysX] Initialized MultithreadedTaskDispatcher with 16 workers.
 -> (artifact id: 'a6f061faccd2f9a4d8197983cfe27247') in 0.018705 seconds
Number of updated asset objects reloaded before import = 0
Number of asset objects unloaded after import = 3
========================================================================
Received Import Request.
  Time since last request: 0.001749 seconds.
  path: Assets/ASSETS SHOP/Gutty Kreum/Free Japanese City Game Assets/Tiles/Tilemap_57.asset
  artifactKey: Guid(0b6a7ef804eb6fb47806949a1881bc9f) Importer(815301076,1909f56bfc062723c751e8b465ee728b)
Start importing Assets/ASSETS SHOP/Gutty Kreum/Free Japanese City Game Assets/Tiles/Tilemap_57.asset using Guid(0b6a7ef804eb6fb47806949a1881bc9f) Importer(815301076,1909f56bfc062723c751e8b465ee728b) [PhysX] Initialized MultithreadedTaskDispatcher with 16 workers.
 -> (artifact id: '962fe40f748836e6dfda15068ba740e4') in 0.018353 seconds
Number of updated asset objects reloaded before import = 0
Number of asset objects unloaded after import = 3
========================================================================
Received Import Request.
  Time since last request: 0.002637 seconds.
  path: Assets/ASSETS SHOP/Gutty Kreum/Free Japanese City Game Assets/Tiles/Tilemap_59.asset
  artifactKey: Guid(d35c486355acd3c4d97a1dff64fb1e64) Importer(815301076,1909f56bfc062723c751e8b465ee728b)
Start importing Assets/ASSETS SHOP/Gutty Kreum/Free Japanese City Game Assets/Tiles/Tilemap_59.asset using Guid(d35c486355acd3c4d97a1dff64fb1e64) Importer(815301076,1909f56bfc062723c751e8b465ee728b) [PhysX] Initialized MultithreadedTaskDispatcher with 16 workers.
 -> (artifact id: '1311c4544446d15c86f5a3ea9f735123') in 0.019780 seconds
Number of updated asset objects reloaded before import = 0
Number of asset objects unloaded after import = 3
========================================================================
Received Import Request.
  Time since last request: 0.001664 seconds.
  path: Assets/ASSETS SHOP/Gutty Kreum/Free Japanese City Game Assets/Tiles/Tilemap_61.asset
  artifactKey: Guid(a4e7445aef955c7449e1b67f33c1564b) Importer(815301076,1909f56bfc062723c751e8b465ee728b)
Start importing Assets/ASSETS SHOP/Gutty Kreum/Free Japanese City Game Assets/Tiles/Tilemap_61.asset using Guid(a4e7445aef955c7449e1b67f33c1564b) Importer(815301076,1909f56bfc062723c751e8b465ee728b) [PhysX] Initialized MultithreadedTaskDispatcher with 16 workers.
 -> (artifact id: '5ac41312c3097cefcb360f72f5f2424e') in 0.019713 seconds
Number of updated asset objects reloaded before import = 0
Number of asset objects unloaded after import = 3
========================================================================
Received Import Request.
  Time since last request: 0.001170 seconds.
  path: Assets/ASSETS SHOP/Gutty Kreum/Free Japanese City Game Assets/Tiles/Tilemap_63.asset
  artifactKey: Guid(a8f7eb44f47e50e4899fdd1b755dba7e) Importer(815301076,1909f56bfc062723c751e8b465ee728b)
Start importing Assets/ASSETS SHOP/Gutty Kreum/Free Japanese City Game Assets/Tiles/Tilemap_63.asset using Guid(a8f7eb44f47e50e4899fdd1b755dba7e) Importer(815301076,1909f56bfc062723c751e8b465ee728b) [PhysX] Initialized MultithreadedTaskDispatcher with 16 workers.
 -> (artifact id: '9886b514ab7e9d1371a619e5aa43500e') in 0.018478 seconds
Number of updated asset objects reloaded before import = 0
Number of asset objects unloaded after import = 3
========================================================================
Received Import Request.
  Time since last request: 0.003819 seconds.
  path: Assets/ASSETS SHOP/Gutty Kreum/Free Japanese City Game Assets/Tiles/Tilemap_65.asset
  artifactKey: Guid(090531a0736b6034aac9764addeca00d) Importer(815301076,1909f56bfc062723c751e8b465ee728b)
Start importing Assets/ASSETS SHOP/Gutty Kreum/Free Japanese City Game Assets/Tiles/Tilemap_65.asset using Guid(090531a0736b6034aac9764addeca00d) Importer(815301076,1909f56bfc062723c751e8b465ee728b) [PhysX] Initialized MultithreadedTaskDispatcher with 16 workers.
 -> (artifact id: 'bd56cda75ab5bcd4f8b116ae164a1b36') in 0.019079 seconds
Number of updated asset objects reloaded before import = 0
Number of asset objects unloaded after import = 3
========================================================================
Received Import Request.
  Time since last request: 0.035048 seconds.
  path: Assets/ASSETS SHOP/Gutty Kreum/Free Japanese City Game Assets/Tiles/Tilemap_68.asset
  artifactKey: Guid(e340bc0f681e3c04abab0193bab49bb8) Importer(815301076,1909f56bfc062723c751e8b465ee728b)
Start importing Assets/ASSETS SHOP/Gutty Kreum/Free Japanese City Game Assets/Tiles/Tilemap_68.asset using Guid(e340bc0f681e3c04abab0193bab49bb8) Importer(815301076,1909f56bfc062723c751e8b465ee728b) [PhysX] Initialized MultithreadedTaskDispatcher with 16 workers.
 -> (artifact id: 'edebc33563c0d8d3fefb74852e8b1ca7') in 0.020361 seconds
Number of updated asset objects reloaded before import = 0
Number of asset objects unloaded after import = 3
========================================================================
Received Import Request.
  Time since last request: 0.001962 seconds.
  path: Assets/ASSETS SHOP/Gutty Kreum/Free Japanese City Game Assets/Tiles/Tilemap_70.asset
  artifactKey: Guid(16f4e67f29fb09549ab4cf8fd1ebd5d6) Importer(815301076,1909f56bfc062723c751e8b465ee728b)
Start importing Assets/ASSETS SHOP/Gutty Kreum/Free Japanese City Game Assets/Tiles/Tilemap_70.asset using Guid(16f4e67f29fb09549ab4cf8fd1ebd5d6) Importer(815301076,1909f56bfc062723c751e8b465ee728b) [PhysX] Initialized MultithreadedTaskDispatcher with 16 workers.
 -> (artifact id: 'f9227007dfb9296f545fde296e58ff8b') in 0.017883 seconds
Number of updated asset objects reloaded before import = 0
Number of asset objects unloaded after import = 3
========================================================================
Received Import Request.
  Time since last request: 0.003345 seconds.
  path: Assets/ASSETS SHOP/Gutty Kreum/Free Japanese City Game Assets/Tiles/Tilemap_72.asset
  artifactKey: Guid(8e52ceddd9c39e04c8c539e2115a4af5) Importer(815301076,1909f56bfc062723c751e8b465ee728b)
Start importing Assets/ASSETS SHOP/Gutty Kreum/Free Japanese City Game Assets/Tiles/Tilemap_72.asset using Guid(8e52ceddd9c39e04c8c539e2115a4af5) Importer(815301076,1909f56bfc062723c751e8b465ee728b) [PhysX] Initialized MultithreadedTaskDispatcher with 16 workers.
 -> (artifact id: '079b2f34ff3a4db025d009facc1267ee') in 0.019300 seconds
Number of updated asset objects reloaded before import = 0
Number of asset objects unloaded after import = 3
========================================================================
Received Import Request.
  Time since last request: 0.003134 seconds.
  path: Assets/ASSETS SHOP/Gutty Kreum/Free Japanese City Game Assets/Tiles/Tilemap_74.asset
  artifactKey: Guid(e5959b4862be67149a77a28425be009c) Importer(815301076,1909f56bfc062723c751e8b465ee728b)
Start importing Assets/ASSETS SHOP/Gutty Kreum/Free Japanese City Game Assets/Tiles/Tilemap_74.asset using Guid(e5959b4862be67149a77a28425be009c) Importer(815301076,1909f56bfc062723c751e8b465ee728b) [PhysX] Initialized MultithreadedTaskDispatcher with 16 workers.
 -> (artifact id: 'e82a90266755f0d6099b21f21df84ee1') in 0.021307 seconds
Number of updated asset objects reloaded before import = 0
Number of asset objects unloaded after import = 3
========================================================================
Received Import Request.
  Time since last request: 0.001373 seconds.
  path: Assets/ASSETS SHOP/Gutty Kreum/Free Japanese City Game Assets/Tiles/Tilemap_76.asset
  artifactKey: Guid(c5ec4a758ec2b4d4e9ad4d33c1bdaacc) Importer(815301076,1909f56bfc062723c751e8b465ee728b)
Start importing Assets/ASSETS SHOP/Gutty Kreum/Free Japanese City Game Assets/Tiles/Tilemap_76.asset using Guid(c5ec4a758ec2b4d4e9ad4d33c1bdaacc) Importer(815301076,1909f56bfc062723c751e8b465ee728b) [PhysX] Initialized MultithreadedTaskDispatcher with 16 workers.
 -> (artifact id: 'a5855a357e752df854c3edf9482ebbfd') in 0.019125 seconds
Number of updated asset objects reloaded before import = 0
Number of asset objects unloaded after import = 3
========================================================================
Received Import Request.
  Time since last request: 0.004617 seconds.
  path: Assets/ASSETS SHOP/Gutty Kreum/Free Japanese City Game Assets/Tiles/Tilemap_78.asset
  artifactKey: Guid(3904fbcee029fbb4abe138932dc0189a) Importer(815301076,1909f56bfc062723c751e8b465ee728b)
Start importing Assets/ASSETS SHOP/Gutty Kreum/Free Japanese City Game Assets/Tiles/Tilemap_78.asset using Guid(3904fbcee029fbb4abe138932dc0189a) Importer(815301076,1909f56bfc062723c751e8b465ee728b) [PhysX] Initialized MultithreadedTaskDispatcher with 16 workers.
 -> (artifact id: '5081ad58acdfae56b6dc4beb1315a78e') in 0.018675 seconds
Number of updated asset objects reloaded before import = 0
Number of asset objects unloaded after import = 3
========================================================================
Received Import Request.
  Time since last request: 0.003938 seconds.
  path: Assets/ASSETS SHOP/Gutty Kreum/Free Japanese City Game Assets/Tiles/Tilemap_80.asset
  artifactKey: Guid(1e5f7cf01baccaa499514f561f2b9695) Importer(815301076,1909f56bfc062723c751e8b465ee728b)
Start importing Assets/ASSETS SHOP/Gutty Kreum/Free Japanese City Game Assets/Tiles/Tilemap_80.asset using Guid(1e5f7cf01baccaa499514f561f2b9695) Importer(815301076,1909f56bfc062723c751e8b465ee728b) [PhysX] Initialized MultithreadedTaskDispatcher with 16 workers.
 -> (artifact id: '29bfff3a050a32a892e7009a937cac58') in 0.018594 seconds
Number of updated asset objects reloaded before import = 0
Number of asset objects unloaded after import = 3
========================================================================
Received Import Request.
  Time since last request: 0.002255 seconds.
  path: Assets/ASSETS SHOP/Gutty Kreum/Free Japanese City Game Assets/Tiles/Tilemap_82.asset
  artifactKey: Guid(fb320a5cbfb11534b9373848fb3c4076) Importer(815301076,1909f56bfc062723c751e8b465ee728b)
Start importing Assets/ASSETS SHOP/Gutty Kreum/Free Japanese City Game Assets/Tiles/Tilemap_82.asset using Guid(fb320a5cbfb11534b9373848fb3c4076) Importer(815301076,1909f56bfc062723c751e8b465ee728b) [PhysX] Initialized MultithreadedTaskDispatcher with 16 workers.
 -> (artifact id: '4f006b410c9a5e5b8f6997b3d2e2a910') in 0.018777 seconds
Number of updated asset objects reloaded before import = 0
Number of asset objects unloaded after import = 3
========================================================================
Received Import Request.
  Time since last request: 0.001193 seconds.
  path: Assets/ASSETS SHOP/Gutty Kreum/Free Japanese City Game Assets/Tiles/Tilemap_84.asset
  artifactKey: Guid(8916f64fa2cb39847b7e7a3afaf91e48) Importer(815301076,1909f56bfc062723c751e8b465ee728b)
Start importing Assets/ASSETS SHOP/Gutty Kreum/Free Japanese City Game Assets/Tiles/Tilemap_84.asset using Guid(8916f64fa2cb39847b7e7a3afaf91e48) Importer(815301076,1909f56bfc062723c751e8b465ee728b) [PhysX] Initialized MultithreadedTaskDispatcher with 16 workers.
 -> (artifact id: 'fa9f3b10e745af5a5668a6a8040a1ca7') in 0.019421 seconds
Number of updated asset objects reloaded before import = 0
Number of asset objects unloaded after import = 3
========================================================================
Received Import Request.
  Time since last request: 0.001864 seconds.
  path: Assets/ASSETS SHOP/Gutty Kreum/Free Japanese City Game Assets/Tiles/Tilemap_86.asset
  artifactKey: Guid(b3a60050c32304d4b9a7fd585d2c2b17) Importer(815301076,1909f56bfc062723c751e8b465ee728b)
Start importing Assets/ASSETS SHOP/Gutty Kreum/Free Japanese City Game Assets/Tiles/Tilemap_86.asset using Guid(b3a60050c32304d4b9a7fd585d2c2b17) Importer(815301076,1909f56bfc062723c751e8b465ee728b) [PhysX] Initialized MultithreadedTaskDispatcher with 16 workers.
 -> (artifact id: 'e80ccd00ee26344a42d0be70cf4bfb9c') in 0.019139 seconds
Number of updated asset objects reloaded before import = 0
Number of asset objects unloaded after import = 3
========================================================================
Received Import Request.
  Time since last request: 0.002470 seconds.
  path: Assets/ASSETS SHOP/Gutty Kreum/Free Japanese City Game Assets/Tiles/Tilemap_88.asset
  artifactKey: Guid(50502178f93ba8942b9fe0ba86761107) Importer(815301076,1909f56bfc062723c751e8b465ee728b)
Start importing Assets/ASSETS SHOP/Gutty Kreum/Free Japanese City Game Assets/Tiles/Tilemap_88.asset using Guid(50502178f93ba8942b9fe0ba86761107) Importer(815301076,1909f56bfc062723c751e8b465ee728b) [PhysX] Initialized MultithreadedTaskDispatcher with 16 workers.
 -> (artifact id: '2a42d58b7d228613589811b70eb6e08a') in 0.018685 seconds
Number of updated asset objects reloaded before import = 0
Number of asset objects unloaded after import = 3
========================================================================
Received Import Request.
  Time since last request: 0.004791 seconds.
  path: Assets/ASSETS SHOP/Gutty Kreum/Free Japanese City Game Assets/Tiles/Tilemap_90.asset
  artifactKey: Guid(0d23995686e549f4a85863bccf20da6c) Importer(815301076,1909f56bfc062723c751e8b465ee728b)
Start importing Assets/ASSETS SHOP/Gutty Kreum/Free Japanese City Game Assets/Tiles/Tilemap_90.asset using Guid(0d23995686e549f4a85863bccf20da6c) Importer(815301076,1909f56bfc062723c751e8b465ee728b) [PhysX] Initialized MultithreadedTaskDispatcher with 16 workers.
 -> (artifact id: '15a36ed91b39caf084f94a0d72dac7ec') in 0.020744 seconds
Number of updated asset objects reloaded before import = 0
Number of asset objects unloaded after import = 3
========================================================================
Received Import Request.
  Time since last request: 0.002057 seconds.
  path: Assets/ASSETS SHOP/Gutty Kreum/Free Japanese City Game Assets/Tiles/Tilemap_92.asset
  artifactKey: Guid(8522247e4b2ce7740829f180022843c9) Importer(815301076,1909f56bfc062723c751e8b465ee728b)
Start importing Assets/ASSETS SHOP/Gutty Kreum/Free Japanese City Game Assets/Tiles/Tilemap_92.asset using Guid(8522247e4b2ce7740829f180022843c9) Importer(815301076,1909f56bfc062723c751e8b465ee728b) [PhysX] Initialized MultithreadedTaskDispatcher with 16 workers.
 -> (artifact id: 'd0fa939167e886eef5cfabbbadecf644') in 0.019925 seconds
Number of updated asset objects reloaded before import = 0
Number of asset objects unloaded after import = 3
========================================================================
Received Import Request.
  Time since last request: 0.003265 seconds.
  path: Assets/ASSETS SHOP/Gutty Kreum/Free Japanese City Game Assets/Tiles/Tilemap_94.asset
  artifactKey: Guid(6d57f9f8c1cfec3439202b811f0f462e) Importer(815301076,1909f56bfc062723c751e8b465ee728b)
Start importing Assets/ASSETS SHOP/Gutty Kreum/Free Japanese City Game Assets/Tiles/Tilemap_94.asset using Guid(6d57f9f8c1cfec3439202b811f0f462e) Importer(815301076,1909f56bfc062723c751e8b465ee728b) [PhysX] Initialized MultithreadedTaskDispatcher with 16 workers.
 -> (artifact id: '0abd1db6ce73500b4584005b4fe52fbb') in 0.017301 seconds
Number of updated asset objects reloaded before import = 0
Number of asset objects unloaded after import = 3
========================================================================
Received Import Request.
  Time since last request: 0.003325 seconds.
  path: Assets/ASSETS SHOP/Gutty Kreum/Free Japanese City Game Assets/Tiles/Tilemap_96.asset
  artifactKey: Guid(31dc051ee65775e4aba2853dd25e98ee) Importer(815301076,1909f56bfc062723c751e8b465ee728b)
Start importing Assets/ASSETS SHOP/Gutty Kreum/Free Japanese City Game Assets/Tiles/Tilemap_96.asset using Guid(31dc051ee65775e4aba2853dd25e98ee) Importer(815301076,1909f56bfc062723c751e8b465ee728b) [PhysX] Initialized MultithreadedTaskDispatcher with 16 workers.
 -> (artifact id: '9ed1f5fe18527d5061ed4c2e25962e7b') in 0.017423 seconds
Number of updated asset objects reloaded before import = 0
Number of asset objects unloaded after import = 3
========================================================================
Received Import Request.
  Time since last request: 0.004531 seconds.
  path: Assets/ASSETS SHOP/Gutty Kreum/Free Japanese City Game Assets/Tiles/Tilemap_98.asset
  artifactKey: Guid(e15b0bfdbb9844046909be8a4b89b40d) Importer(815301076,1909f56bfc062723c751e8b465ee728b)
Start importing Assets/ASSETS SHOP/Gutty Kreum/Free Japanese City Game Assets/Tiles/Tilemap_98.asset using Guid(e15b0bfdbb9844046909be8a4b89b40d) Importer(815301076,1909f56bfc062723c751e8b465ee728b) [PhysX] Initialized MultithreadedTaskDispatcher with 16 workers.
 -> (artifact id: '8ed341df1f5121b63f6db783ef1e0485') in 0.018788 seconds
Number of updated asset objects reloaded before import = 0
Number of asset objects unloaded after import = 3
========================================================================
Received Import Request.
  Time since last request: 0.003104 seconds.
  path: Assets/ASSETS SHOP/Gutty Kreum/Free Japanese City Game Assets/Tiles/Tilemap_100.asset
  artifactKey: Guid(b4c2922dd8e6d99489ecdb403cd44c69) Importer(815301076,1909f56bfc062723c751e8b465ee728b)
Start importing Assets/ASSETS SHOP/Gutty Kreum/Free Japanese City Game Assets/Tiles/Tilemap_100.asset using Guid(b4c2922dd8e6d99489ecdb403cd44c69) Importer(815301076,1909f56bfc062723c751e8b465ee728b) [PhysX] Initialized MultithreadedTaskDispatcher with 16 workers.
 -> (artifact id: '928e29fb276f17850af7bd396caf6d8b') in 0.018020 seconds
Number of updated asset objects reloaded before import = 0
Number of asset objects unloaded after import = 3
========================================================================
Received Import Request.
  Time since last request: 0.004275 seconds.
  path: Assets/ASSETS SHOP/Gutty Kreum/Free Japanese City Game Assets/Tiles/Tilemap_102.asset
  artifactKey: Guid(e9e799a4baf2aac4c9808b257b7baa02) Importer(815301076,1909f56bfc062723c751e8b465ee728b)
Start importing Assets/ASSETS SHOP/Gutty Kreum/Free Japanese City Game Assets/Tiles/Tilemap_102.asset using Guid(e9e799a4baf2aac4c9808b257b7baa02) Importer(815301076,1909f56bfc062723c751e8b465ee728b) [PhysX] Initialized MultithreadedTaskDispatcher with 16 workers.
 -> (artifact id: '40a8847341b46713da1b29c5c9524d18') in 0.017464 seconds
Number of updated asset objects reloaded before import = 0
Number of asset objects unloaded after import = 3
========================================================================
Received Import Request.
  Time since last request: 0.003686 seconds.
  path: Assets/ASSETS SHOP/Gutty Kreum/Free Japanese City Game Assets/Tiles/Tilemap_104.asset
  artifactKey: Guid(c652e11fa8269024194279e7de10e663) Importer(815301076,1909f56bfc062723c751e8b465ee728b)
Start importing Assets/ASSETS SHOP/Gutty Kreum/Free Japanese City Game Assets/Tiles/Tilemap_104.asset using Guid(c652e11fa8269024194279e7de10e663) Importer(815301076,1909f56bfc062723c751e8b465ee728b) [PhysX] Initialized MultithreadedTaskDispatcher with 16 workers.
 -> (artifact id: 'ec95a7c7d62c550ab8f8757d132da011') in 0.017090 seconds
Number of updated asset objects reloaded before import = 0
Number of asset objects unloaded after import = 3
========================================================================
Received Import Request.
  Time since last request: 0.005111 seconds.
  path: Assets/ASSETS SHOP/Gutty Kreum/Free Japanese City Game Assets/Tiles/Tilemap_106.asset
  artifactKey: Guid(a7d00c730c3a7cb41a9a9836bf24c3fc) Importer(815301076,1909f56bfc062723c751e8b465ee728b)
Start importing Assets/ASSETS SHOP/Gutty Kreum/Free Japanese City Game Assets/Tiles/Tilemap_106.asset using Guid(a7d00c730c3a7cb41a9a9836bf24c3fc) Importer(815301076,1909f56bfc062723c751e8b465ee728b) [PhysX] Initialized MultithreadedTaskDispatcher with 16 workers.
 -> (artifact id: '50fe7e8927cc5fb329906cc1430ff4d8') in 0.017930 seconds
Number of updated asset objects reloaded before import = 0
Number of asset objects unloaded after import = 3
========================================================================
Received Import Request.
  Time since last request: 0.013891 seconds.
  path: Assets/ASSETS SHOP/Gutty Kreum/Free Japanese City Game Assets/Tiles/Tilemap_109.asset
  artifactKey: Guid(745c7cd48c16cd6479e6e05c8456a79c) Importer(815301076,1909f56bfc062723c751e8b465ee728b)
Start importing Assets/ASSETS SHOP/Gutty Kreum/Free Japanese City Game Assets/Tiles/Tilemap_109.asset using Guid(745c7cd48c16cd6479e6e05c8456a79c) Importer(815301076,1909f56bfc062723c751e8b465ee728b) [PhysX] Initialized MultithreadedTaskDispatcher with 16 workers.
 -> (artifact id: '0b46440397368df6f9559c898be7cb3e') in 0.020037 seconds
Number of updated asset objects reloaded before import = 0
Number of asset objects unloaded after import = 3
========================================================================
Received Import Request.
  Time since last request: 0.043362 seconds.
  path: Assets/ASSETS SHOP/Gutty Kreum/Free Japanese City Game Assets/Tiles/Tilemap_133.asset
  artifactKey: Guid(cb389927f46d2564b8e90cb19fe6ff1a) Importer(815301076,1909f56bfc062723c751e8b465ee728b)
Start importing Assets/ASSETS SHOP/Gutty Kreum/Free Japanese City Game Assets/Tiles/Tilemap_133.asset using Guid(cb389927f46d2564b8e90cb19fe6ff1a) Importer(815301076,1909f56bfc062723c751e8b465ee728b) [PhysX] Initialized MultithreadedTaskDispatcher with 16 workers.
 -> (artifact id: 'cfcf87bbb810d829bd063b7ccc3438c2') in 0.019111 seconds
Number of updated asset objects reloaded before import = 0
Number of asset objects unloaded after import = 3
========================================================================
Received Import Request.
  Time since last request: 0.001316 seconds.
  path: Assets/ASSETS SHOP/Gutty Kreum/Free Japanese City Game Assets/Tiles/Tilemap_135.asset
  artifactKey: Guid(3862e2be95bed4744ba19fbc74a2578d) Importer(815301076,1909f56bfc062723c751e8b465ee728b)
Start importing Assets/ASSETS SHOP/Gutty Kreum/Free Japanese City Game Assets/Tiles/Tilemap_135.asset using Guid(3862e2be95bed4744ba19fbc74a2578d) Importer(815301076,1909f56bfc062723c751e8b465ee728b) [PhysX] Initialized MultithreadedTaskDispatcher with 16 workers.
 -> (artifact id: '5bc607d7e11b2b36afaf483b8b964cb0') in 0.018308 seconds
Number of updated asset objects reloaded before import = 0
Number of asset objects unloaded after import = 3
========================================================================
Received Import Request.
  Time since last request: 0.002766 seconds.
  path: Assets/ASSETS SHOP/Gutty Kreum/Free Japanese City Game Assets/Tiles/Tilemap_137.asset
  artifactKey: Guid(6f70471b619a32e4e82b6f2f75e649b9) Importer(815301076,1909f56bfc062723c751e8b465ee728b)
Start importing Assets/ASSETS SHOP/Gutty Kreum/Free Japanese City Game Assets/Tiles/Tilemap_137.asset using Guid(6f70471b619a32e4e82b6f2f75e649b9) Importer(815301076,1909f56bfc062723c751e8b465ee728b) [PhysX] Initialized MultithreadedTaskDispatcher with 16 workers.
 -> (artifact id: 'd663013fd47b08309ac54284458f0bdc') in 0.018014 seconds
Number of updated asset objects reloaded before import = 0
Number of asset objects unloaded after import = 3
========================================================================
Received Import Request.
  Time since last request: 0.009078 seconds.
  path: Assets/ASSETS SHOP/Gutty Kreum/Free Japanese City Game Assets/Tiles/Tilemap_139.asset
  artifactKey: Guid(40fbd5d568543b14f86a660036531add) Importer(815301076,1909f56bfc062723c751e8b465ee728b)
Start importing Assets/ASSETS SHOP/Gutty Kreum/Free Japanese City Game Assets/Tiles/Tilemap_139.asset using Guid(40fbd5d568543b14f86a660036531add) Importer(815301076,1909f56bfc062723c751e8b465ee728b) [PhysX] Initialized MultithreadedTaskDispatcher with 16 workers.
 -> (artifact id: 'fa1865438579d8c28ab7808e47e8ed85') in 0.018301 seconds
Number of updated asset objects reloaded before import = 0
Number of asset objects unloaded after import = 3
========================================================================
Received Import Request.
  Time since last request: 0.002741 seconds.
  path: Assets/ASSETS SHOP/Gutty Kreum/Free Japanese City Game Assets/Tiles/Tilemap_141.asset
  artifactKey: Guid(e47fa887fe70444448744e9813f2aca9) Importer(815301076,1909f56bfc062723c751e8b465ee728b)
Start importing Assets/ASSETS SHOP/Gutty Kreum/Free Japanese City Game Assets/Tiles/Tilemap_141.asset using Guid(e47fa887fe70444448744e9813f2aca9) Importer(815301076,1909f56bfc062723c751e8b465ee728b) [PhysX] Initialized MultithreadedTaskDispatcher with 16 workers.
 -> (artifact id: '79e1f8025d53257ed884b6cd10493ae9') in 0.017767 seconds
Number of updated asset objects reloaded before import = 0
Number of asset objects unloaded after import = 3
========================================================================
Received Import Request.
  Time since last request: 0.004738 seconds.
  path: Assets/ASSETS SHOP/Gutty Kreum/Free Japanese City Game Assets/Tiles/Tilemap_143.asset
  artifactKey: Guid(f72cd926f8dabd54e91433e96600c22d) Importer(815301076,1909f56bfc062723c751e8b465ee728b)
Start importing Assets/ASSETS SHOP/Gutty Kreum/Free Japanese City Game Assets/Tiles/Tilemap_143.asset using Guid(f72cd926f8dabd54e91433e96600c22d) Importer(815301076,1909f56bfc062723c751e8b465ee728b) [PhysX] Initialized MultithreadedTaskDispatcher with 16 workers.
 -> (artifact id: '003f65f6c7130172bbc73790ae50bdbb') in 0.017544 seconds
Number of updated asset objects reloaded before import = 0
Number of asset objects unloaded after import = 3
========================================================================
Received Import Request.
  Time since last request: 0.002788 seconds.
  path: Assets/ASSETS SHOP/Gutty Kreum/Free Japanese City Game Assets/Tiles/Tilemap_145.asset
  artifactKey: Guid(cd223e33f9d1d8445b06bfc5f31fca27) Importer(815301076,1909f56bfc062723c751e8b465ee728b)
Start importing Assets/ASSETS SHOP/Gutty Kreum/Free Japanese City Game Assets/Tiles/Tilemap_145.asset using Guid(cd223e33f9d1d8445b06bfc5f31fca27) Importer(815301076,1909f56bfc062723c751e8b465ee728b) [PhysX] Initialized MultithreadedTaskDispatcher with 16 workers.
 -> (artifact id: '09ba885576c4dcfd9d57134c5aebb6f7') in 0.018112 seconds
Number of updated asset objects reloaded before import = 0
Number of asset objects unloaded after import = 3
========================================================================
Received Import Request.
  Time since last request: 0.002921 seconds.
  path: Assets/ASSETS SHOP/Gutty Kreum/Free Japanese City Game Assets/Tiles/Tilemap_147.asset
  artifactKey: Guid(6d4db4d8cd9e2ea49a398e02015a5e6a) Importer(815301076,1909f56bfc062723c751e8b465ee728b)
Start importing Assets/ASSETS SHOP/Gutty Kreum/Free Japanese City Game Assets/Tiles/Tilemap_147.asset using Guid(6d4db4d8cd9e2ea49a398e02015a5e6a) Importer(815301076,1909f56bfc062723c751e8b465ee728b) [PhysX] Initialized MultithreadedTaskDispatcher with 16 workers.
 -> (artifact id: 'abef57a1c21ef94abeb1c977f49c04b7') in 0.022937 seconds
Number of updated asset objects reloaded before import = 0
Number of asset objects unloaded after import = 3
========================================================================
Received Import Request.
  Time since last request: 0.006139 seconds.
  path: Assets/ASSETS SHOP/Gutty Kreum/Free Japanese City Game Assets/Tiles/Tilemap_149.asset
  artifactKey: Guid(7adccd87923713b4485559cef39544a9) Importer(815301076,1909f56bfc062723c751e8b465ee728b)
Start importing Assets/ASSETS SHOP/Gutty Kreum/Free Japanese City Game Assets/Tiles/Tilemap_149.asset using Guid(7adccd87923713b4485559cef39544a9) Importer(815301076,1909f56bfc062723c751e8b465ee728b) [PhysX] Initialized MultithreadedTaskDispatcher with 16 workers.
 -> (artifact id: '438e5b35aa8f60a9fea49b6385d0f4d7') in 0.018316 seconds
Number of updated asset objects reloaded before import = 0
Number of asset objects unloaded after import = 3
========================================================================
Received Import Request.
  Time since last request: 0.002644 seconds.
  path: Assets/ASSETS SHOP/Gutty Kreum/Free Japanese City Game Assets/Tiles/Tilemap_151.asset
  artifactKey: Guid(3b9ee2435011f3447a6fc1105dba3ee0) Importer(815301076,1909f56bfc062723c751e8b465ee728b)
Start importing Assets/ASSETS SHOP/Gutty Kreum/Free Japanese City Game Assets/Tiles/Tilemap_151.asset using Guid(3b9ee2435011f3447a6fc1105dba3ee0) Importer(815301076,1909f56bfc062723c751e8b465ee728b) [PhysX] Initialized MultithreadedTaskDispatcher with 16 workers.
 -> (artifact id: 'd04c91655616f74f3c3f718e5618b9af') in 0.017085 seconds
Number of updated asset objects reloaded before import = 0
Number of asset objects unloaded after import = 3
========================================================================
Received Import Request.
  Time since last request: 0.002652 seconds.
  path: Assets/ASSETS SHOP/Gutty Kreum/Free Japanese City Game Assets/Tiles/Tilemap_153.asset
  artifactKey: Guid(dda403ddaad358f41ba1cf028e31b210) Importer(815301076,1909f56bfc062723c751e8b465ee728b)
Start importing Assets/ASSETS SHOP/Gutty Kreum/Free Japanese City Game Assets/Tiles/Tilemap_153.asset using Guid(dda403ddaad358f41ba1cf028e31b210) Importer(815301076,1909f56bfc062723c751e8b465ee728b) [PhysX] Initialized MultithreadedTaskDispatcher with 16 workers.
 -> (artifact id: '1b02e09de5b1574d8823f1d0dbdba357') in 0.020822 seconds
Number of updated asset objects reloaded before import = 0
Number of asset objects unloaded after import = 3
========================================================================
Received Import Request.
  Time since last request: 0.004359 seconds.
  path: Assets/ASSETS SHOP/Gutty Kreum/Free Japanese City Game Assets/Tiles/Tilemap_155.asset
  artifactKey: Guid(153784304f137c7429ef1f183afebf86) Importer(815301076,1909f56bfc062723c751e8b465ee728b)
Start importing Assets/ASSETS SHOP/Gutty Kreum/Free Japanese City Game Assets/Tiles/Tilemap_155.asset using Guid(153784304f137c7429ef1f183afebf86) Importer(815301076,1909f56bfc062723c751e8b465ee728b) [PhysX] Initialized MultithreadedTaskDispatcher with 16 workers.
 -> (artifact id: '5597e9137e66986c2899a8ca5d2a68ac') in 0.017518 seconds
Number of updated asset objects reloaded before import = 0
Number of asset objects unloaded after import = 3
========================================================================
Received Import Request.
  Time since last request: 0.002549 seconds.
  path: Assets/ASSETS SHOP/Gutty Kreum/Free Japanese City Game Assets/Tiles/Tilemap_157.asset
  artifactKey: Guid(3c03aca9a7705cf44b06c31a13236a3f) Importer(815301076,1909f56bfc062723c751e8b465ee728b)
Start importing Assets/ASSETS SHOP/Gutty Kreum/Free Japanese City Game Assets/Tiles/Tilemap_157.asset using Guid(3c03aca9a7705cf44b06c31a13236a3f) Importer(815301076,1909f56bfc062723c751e8b465ee728b) [PhysX] Initialized MultithreadedTaskDispatcher with 16 workers.
 -> (artifact id: '5eaf71d38244a9ae7224794efd20d9e7') in 0.019075 seconds
Number of updated asset objects reloaded before import = 0
Number of asset objects unloaded after import = 3
========================================================================
Received Import Request.
  Time since last request: 0.003293 seconds.
  path: Assets/ASSETS SHOP/Gutty Kreum/Free Japanese City Game Assets/Tiles/Tilemap_159.asset
  artifactKey: Guid(363bfebbc01a170419a2df701d97608b) Importer(815301076,1909f56bfc062723c751e8b465ee728b)
Start importing Assets/ASSETS SHOP/Gutty Kreum/Free Japanese City Game Assets/Tiles/Tilemap_159.asset using Guid(363bfebbc01a170419a2df701d97608b) Importer(815301076,1909f56bfc062723c751e8b465ee728b) [PhysX] Initialized MultithreadedTaskDispatcher with 16 workers.
 -> (artifact id: '52a729f49d07ada13df76b12c1d6c6c3') in 0.009575 seconds
Number of updated asset objects reloaded before import = 0
Number of asset objects unloaded after import = 3
========================================================================
Received Import Request.
  Time since last request: 0.047667 seconds.
  path: Assets/ASSETS SHOP/Gutty Kreum/Free Japanese City Game Assets/Tiles/Tilemap_164.asset
  artifactKey: Guid(9281f471e10d3b14f9224bc6e021752a) Importer(815301076,1909f56bfc062723c751e8b465ee728b)
Start importing Assets/ASSETS SHOP/Gutty Kreum/Free Japanese City Game Assets/Tiles/Tilemap_164.asset using Guid(9281f471e10d3b14f9224bc6e021752a) Importer(815301076,1909f56bfc062723c751e8b465ee728b) [PhysX] Initialized MultithreadedTaskDispatcher with 16 workers.
 -> (artifact id: '1d7af712eb37f063312657a453cc7641') in 0.016908 seconds
Number of updated asset objects reloaded before import = 0
Number of asset objects unloaded after import = 3
========================================================================
Received Import Request.
  Time since last request: 0.002257 seconds.
  path: Assets/ASSETS SHOP/Gutty Kreum/Free Japanese City Game Assets/Tiles/Tilemap_166.asset
  artifactKey: Guid(9c085aa6bcb35eb4a8d54f41d4ea7479) Importer(815301076,1909f56bfc062723c751e8b465ee728b)
Start importing Assets/ASSETS SHOP/Gutty Kreum/Free Japanese City Game Assets/Tiles/Tilemap_166.asset using Guid(9c085aa6bcb35eb4a8d54f41d4ea7479) Importer(815301076,1909f56bfc062723c751e8b465ee728b) [PhysX] Initialized MultithreadedTaskDispatcher with 16 workers.
 -> (artifact id: 'b1d20a18adb1db18ba6ba0e50989dd98') in 0.017470 seconds
Number of updated asset objects reloaded before import = 0
Number of asset objects unloaded after import = 3
========================================================================
Received Import Request.
  Time since last request: 0.001772 seconds.
  path: Assets/ASSETS SHOP/Gutty Kreum/Free Japanese City Game Assets/Tiles/Tilemap_168.asset
  artifactKey: Guid(c7da162a23241c044b1390214a4913e1) Importer(815301076,1909f56bfc062723c751e8b465ee728b)
Start importing Assets/ASSETS SHOP/Gutty Kreum/Free Japanese City Game Assets/Tiles/Tilemap_168.asset using Guid(c7da162a23241c044b1390214a4913e1) Importer(815301076,1909f56bfc062723c751e8b465ee728b) [PhysX] Initialized MultithreadedTaskDispatcher with 16 workers.
 -> (artifact id: '21f0af0e5c36a375ae3a00c006728446') in 0.009920 seconds
Number of updated asset objects reloaded before import = 0
Number of asset objects unloaded after import = 3
========================================================================
Received Import Request.
  Time since last request: 0.010650 seconds.
  path: Assets/ASSETS SHOP/Gutty Kreum/Free Japanese City Game Assets/Tiles/Tilemap_170.asset
  artifactKey: Guid(a970677179d02ee4d9303a799a960e3b) Importer(815301076,1909f56bfc062723c751e8b465ee728b)
Start importing Assets/ASSETS SHOP/Gutty Kreum/Free Japanese City Game Assets/Tiles/Tilemap_170.asset using Guid(a970677179d02ee4d9303a799a960e3b) Importer(815301076,1909f56bfc062723c751e8b465ee728b) [PhysX] Initialized MultithreadedTaskDispatcher with 16 workers.
 -> (artifact id: '1fb3dcb3dba5716a7883caee27c54671') in 0.008747 seconds
Number of updated asset objects reloaded before import = 0
Number of asset objects unloaded after import = 3
========================================================================
Received Import Request.
  Time since last request: 0.026963 seconds.
  path: Assets/ASSETS SHOP/Gutty Kreum/Free Japanese City Game Assets/Tiles/Tilemap_173.asset
  artifactKey: Guid(d4ad2ffe7da531441935ee0fea1ef475) Importer(815301076,1909f56bfc062723c751e8b465ee728b)
Start importing Assets/ASSETS SHOP/Gutty Kreum/Free Japanese City Game Assets/Tiles/Tilemap_173.asset using Guid(d4ad2ffe7da531441935ee0fea1ef475) Importer(815301076,1909f56bfc062723c751e8b465ee728b) [PhysX] Initialized MultithreadedTaskDispatcher with 16 workers.
 -> (artifact id: '7c29fe62f1a7cfd565811312de64642d') in 0.017946 seconds
Number of updated asset objects reloaded before import = 0
Number of asset objects unloaded after import = 3
========================================================================
Received Import Request.
  Time since last request: 0.002761 seconds.
  path: Assets/ASSETS SHOP/Gutty Kreum/Free Japanese City Game Assets/Tiles/Tilemap_175.asset
  artifactKey: Guid(6a688f31a031ab44f864a91df9bdc8ea) Importer(815301076,1909f56bfc062723c751e8b465ee728b)
Start importing Assets/ASSETS SHOP/Gutty Kreum/Free Japanese City Game Assets/Tiles/Tilemap_175.asset using Guid(6a688f31a031ab44f864a91df9bdc8ea) Importer(815301076,1909f56bfc062723c751e8b465ee728b) [PhysX] Initialized MultithreadedTaskDispatcher with 16 workers.
 -> (artifact id: '0e9a83475731eb55261d926d647a26e3') in 0.019194 seconds
Number of updated asset objects reloaded before import = 0
Number of asset objects unloaded after import = 3
========================================================================
Received Import Request.
  Time since last request: 0.041187 seconds.
  path: Assets/ASSETS SHOP/Gutty Kreum/Free Japanese City Game Assets/Tiles/Tilemap_178.asset
  artifactKey: Guid(55f6c226edac3f0468161e39b343d168) Importer(815301076,1909f56bfc062723c751e8b465ee728b)
Start importing Assets/ASSETS SHOP/Gutty Kreum/Free Japanese City Game Assets/Tiles/Tilemap_178.asset using Guid(55f6c226edac3f0468161e39b343d168) Importer(815301076,1909f56bfc062723c751e8b465ee728b) [PhysX] Initialized MultithreadedTaskDispatcher with 16 workers.
 -> (artifact id: 'b8a5ee739bd49bd2433a7904ccf42400') in 0.017291 seconds
Number of updated asset objects reloaded before import = 0
Number of asset objects unloaded after import = 3
========================================================================
Received Import Request.
  Time since last request: 0.002762 seconds.
  path: Assets/ASSETS SHOP/Gutty Kreum/Free Japanese City Game Assets/Tiles/Tilemap_180.asset
  artifactKey: Guid(d294781dee64b3841a83d08ef9f05f94) Importer(815301076,1909f56bfc062723c751e8b465ee728b)
Start importing Assets/ASSETS SHOP/Gutty Kreum/Free Japanese City Game Assets/Tiles/Tilemap_180.asset using Guid(d294781dee64b3841a83d08ef9f05f94) Importer(815301076,1909f56bfc062723c751e8b465ee728b) [PhysX] Initialized MultithreadedTaskDispatcher with 16 workers.
 -> (artifact id: '4cd0e6e46e9c431ebccd9594a93102aa') in 0.020088 seconds
Number of updated asset objects reloaded before import = 0
Number of asset objects unloaded after import = 3
========================================================================
Received Import Request.
  Time since last request: 0.000725 seconds.
  path: Assets/ASSETS SHOP/Gutty Kreum/Free Japanese City Game Assets/Tiles/Tilemap_182.asset
  artifactKey: Guid(96b000aa751c37648a4170fcaf77e030) Importer(815301076,1909f56bfc062723c751e8b465ee728b)
Start importing Assets/ASSETS SHOP/Gutty Kreum/Free Japanese City Game Assets/Tiles/Tilemap_182.asset using Guid(96b000aa751c37648a4170fcaf77e030) Importer(815301076,1909f56bfc062723c751e8b465ee728b) [PhysX] Initialized MultithreadedTaskDispatcher with 16 workers.
 -> (artifact id: 'ebb17d78cccd8c22d7f0fe942c9d1b7f') in 0.019783 seconds
Number of updated asset objects reloaded before import = 0
Number of asset objects unloaded after import = 3
========================================================================
Received Import Request.
  Time since last request: 0.023417 seconds.
  path: Assets/ASSETS SHOP/Gutty Kreum/Free Japanese City Game Assets/Tiles/Tilemap_186.asset
  artifactKey: Guid(ea2078147a67368479c38f9c8892f624) Importer(815301076,1909f56bfc062723c751e8b465ee728b)
Start importing Assets/ASSETS SHOP/Gutty Kreum/Free Japanese City Game Assets/Tiles/Tilemap_186.asset using Guid(ea2078147a67368479c38f9c8892f624) Importer(815301076,1909f56bfc062723c751e8b465ee728b) [PhysX] Initialized MultithreadedTaskDispatcher with 16 workers.
 -> (artifact id: '159edbc0bb231b3104e5936691dd4df5') in 0.022928 seconds
Number of updated asset objects reloaded before import = 0
Number of asset objects unloaded after import = 3
========================================================================
Received Import Request.
  Time since last request: 0.002384 seconds.
  path: Assets/ASSETS SHOP/Gutty Kreum/Free Japanese City Game Assets/Tiles/Tilemap_188.asset
  artifactKey: Guid(f8967eaad6172d040ba7ebd1c1e46995) Importer(815301076,1909f56bfc062723c751e8b465ee728b)
Start importing Assets/ASSETS SHOP/Gutty Kreum/Free Japanese City Game Assets/Tiles/Tilemap_188.asset using Guid(f8967eaad6172d040ba7ebd1c1e46995) Importer(815301076,1909f56bfc062723c751e8b465ee728b) [PhysX] Initialized MultithreadedTaskDispatcher with 16 workers.
 -> (artifact id: '9edf147b6a02fd45b59e6f81f7af0765') in 0.018917 seconds
Number of updated asset objects reloaded before import = 0
Number of asset objects unloaded after import = 3
========================================================================
Received Import Request.
  Time since last request: 0.005224 seconds.
  path: Assets/ASSETS SHOP/Gutty Kreum/Free Japanese City Game Assets/Tiles/Tilemap_190.asset
  artifactKey: Guid(d3c6e385f2cd9d240bc548a7fbece6eb) Importer(815301076,1909f56bfc062723c751e8b465ee728b)
Start importing Assets/ASSETS SHOP/Gutty Kreum/Free Japanese City Game Assets/Tiles/Tilemap_190.asset using Guid(d3c6e385f2cd9d240bc548a7fbece6eb) Importer(815301076,1909f56bfc062723c751e8b465ee728b) [PhysX] Initialized MultithreadedTaskDispatcher with 16 workers.
 -> (artifact id: 'a382bb3d5d661552e8362b6da6e4db7f') in 0.020882 seconds
Number of updated asset objects reloaded before import = 0
Number of asset objects unloaded after import = 3
========================================================================
Received Import Request.
  Time since last request: 0.004443 seconds.
  path: Assets/ASSETS SHOP/Gutty Kreum/Free Japanese City Game Assets/Tiles/Tilemap_192.asset
  artifactKey: Guid(253005c62ed31294486e45484009bbc3) Importer(815301076,1909f56bfc062723c751e8b465ee728b)
Start importing Assets/ASSETS SHOP/Gutty Kreum/Free Japanese City Game Assets/Tiles/Tilemap_192.asset using Guid(253005c62ed31294486e45484009bbc3) Importer(815301076,1909f56bfc062723c751e8b465ee728b) [PhysX] Initialized MultithreadedTaskDispatcher with 16 workers.
 -> (artifact id: '499ac8c3194d0a8afc52a443d9a1cf5c') in 0.019859 seconds
Number of updated asset objects reloaded before import = 0
Number of asset objects unloaded after import = 3
========================================================================
Received Import Request.
  Time since last request: 0.001125 seconds.
  path: Assets/ASSETS SHOP/Gutty Kreum/Free Japanese City Game Assets/Tiles/Tilemap_194.asset
  artifactKey: Guid(b1c221982e3e607468c6f48de8ad685f) Importer(815301076,1909f56bfc062723c751e8b465ee728b)
Start importing Assets/ASSETS SHOP/Gutty Kreum/Free Japanese City Game Assets/Tiles/Tilemap_194.asset using Guid(b1c221982e3e607468c6f48de8ad685f) Importer(815301076,1909f56bfc062723c751e8b465ee728b) [PhysX] Initialized MultithreadedTaskDispatcher with 16 workers.
 -> (artifact id: '7969a4fbecc5f270f73e6d9d828ace12') in 0.016519 seconds
Number of updated asset objects reloaded before import = 0
Number of asset objects unloaded after import = 3
========================================================================
Received Import Request.
  Time since last request: 0.003375 seconds.
  path: Assets/ASSETS SHOP/Gutty Kreum/Free Japanese City Game Assets/Tiles/Tilemap_196.asset
  artifactKey: Guid(060cdeb21feb5bd45bc69edef270491a) Importer(815301076,1909f56bfc062723c751e8b465ee728b)
Start importing Assets/ASSETS SHOP/Gutty Kreum/Free Japanese City Game Assets/Tiles/Tilemap_196.asset using Guid(060cdeb21feb5bd45bc69edef270491a) Importer(815301076,1909f56bfc062723c751e8b465ee728b) [PhysX] Initialized MultithreadedTaskDispatcher with 16 workers.
 -> (artifact id: '7c1c96e82948501bfc09845ceb1501b9') in 0.021525 seconds
Number of updated asset objects reloaded before import = 0
Number of asset objects unloaded after import = 3
========================================================================
Received Import Request.
  Time since last request: 0.010776 seconds.
  path: Assets/ASSETS SHOP/Gutty Kreum/Free Japanese City Game Assets/Tiles/Tilemap_199.asset
  artifactKey: Guid(03c78ba4d7df2264a9863917ab488b2d) Importer(815301076,1909f56bfc062723c751e8b465ee728b)
Start importing Assets/ASSETS SHOP/Gutty Kreum/Free Japanese City Game Assets/Tiles/Tilemap_199.asset using Guid(03c78ba4d7df2264a9863917ab488b2d) Importer(815301076,1909f56bfc062723c751e8b465ee728b) [PhysX] Initialized MultithreadedTaskDispatcher with 16 workers.
 -> (artifact id: 'c2a65c8d72dbac2787aedf57cf2ab1cd') in 0.018228 seconds
Number of updated asset objects reloaded before import = 0
Number of asset objects unloaded after import = 3
========================================================================
Received Import Request.
  Time since last request: 0.009261 seconds.
  path: Assets/ASSETS SHOP/Gutty Kreum/Free Japanese City Game Assets/Tiles/Tilemap_202.asset
  artifactKey: Guid(ab6f3d1958427ad4abd37837ebfcdc14) Importer(815301076,1909f56bfc062723c751e8b465ee728b)
Start importing Assets/ASSETS SHOP/Gutty Kreum/Free Japanese City Game Assets/Tiles/Tilemap_202.asset using Guid(ab6f3d1958427ad4abd37837ebfcdc14) Importer(815301076,1909f56bfc062723c751e8b465ee728b) [PhysX] Initialized MultithreadedTaskDispatcher with 16 workers.
 -> (artifact id: 'e682cf07d5e0c1bf08b693185db5158c') in 0.016912 seconds
Number of updated asset objects reloaded before import = 0
Number of asset objects unloaded after import = 3
========================================================================
Received Import Request.
  Time since last request: 0.002857 seconds.
  path: Assets/ASSETS SHOP/Gutty Kreum/Free Japanese City Game Assets/Tiles/Tilemap_204.asset
  artifactKey: Guid(971be2bed4734804693e1657a54dd3e4) Importer(815301076,1909f56bfc062723c751e8b465ee728b)
Start importing Assets/ASSETS SHOP/Gutty Kreum/Free Japanese City Game Assets/Tiles/Tilemap_204.asset using Guid(971be2bed4734804693e1657a54dd3e4) Importer(815301076,1909f56bfc062723c751e8b465ee728b) [PhysX] Initialized MultithreadedTaskDispatcher with 16 workers.
 -> (artifact id: '55014792377132ef09dc9c0cc463b70c') in 0.016300 seconds
Number of updated asset objects reloaded before import = 0
Number of asset objects unloaded after import = 3
========================================================================
Received Import Request.
  Time since last request: 0.002655 seconds.
  path: Assets/ASSETS SHOP/Gutty Kreum/Free Japanese City Game Assets/Tiles/Tilemap_206.asset
  artifactKey: Guid(0cafe833aa50ddd449c0b6a5b20386af) Importer(815301076,1909f56bfc062723c751e8b465ee728b)
Start importing Assets/ASSETS SHOP/Gutty Kreum/Free Japanese City Game Assets/Tiles/Tilemap_206.asset using Guid(0cafe833aa50ddd449c0b6a5b20386af) Importer(815301076,1909f56bfc062723c751e8b465ee728b) [PhysX] Initialized MultithreadedTaskDispatcher with 16 workers.
 -> (artifact id: '9b1f18bb4f5cf41e02421ac70caa33b0') in 0.019119 seconds
Number of updated asset objects reloaded before import = 0
Number of asset objects unloaded after import = 3
========================================================================
Received Import Request.
  Time since last request: 0.000030 seconds.
  path: Assets/ASSETS SHOP/Gutty Kreum/Free Japanese City Game Assets/Tiles/Tilemap_208.asset
  artifactKey: Guid(ae1d5798a9f626045bedaabd3c289202) Importer(815301076,1909f56bfc062723c751e8b465ee728b)
Start importing Assets/ASSETS SHOP/Gutty Kreum/Free Japanese City Game Assets/Tiles/Tilemap_208.asset using Guid(ae1d5798a9f626045bedaabd3c289202) Importer(815301076,1909f56bfc062723c751e8b465ee728b) [PhysX] Initialized MultithreadedTaskDispatcher with 16 workers.
 -> (artifact id: '8cb1b3af9d0336c51745ed4c94b9a429') in 0.016665 seconds
Number of updated asset objects reloaded before import = 0
Number of asset objects unloaded after import = 3
========================================================================
Received Import Request.
  Time since last request: 0.001184 seconds.
  path: Assets/ASSETS SHOP/Gutty Kreum/Free Japanese City Game Assets/Tiles/Tilemap_210.asset
  artifactKey: Guid(d91239dfa757c4447a48f037ea85042b) Importer(815301076,1909f56bfc062723c751e8b465ee728b)
Start importing Assets/ASSETS SHOP/Gutty Kreum/Free Japanese City Game Assets/Tiles/Tilemap_210.asset using Guid(d91239dfa757c4447a48f037ea85042b) Importer(815301076,1909f56bfc062723c751e8b465ee728b) [PhysX] Initialized MultithreadedTaskDispatcher with 16 workers.
 -> (artifact id: 'a041c8a3c7dfe497543e7e219695870e') in 0.016273 seconds
Number of updated asset objects reloaded before import = 0
Number of asset objects unloaded after import = 3
========================================================================
Received Import Request.
  Time since last request: 0.001636 seconds.
  path: Assets/ASSETS SHOP/Gutty Kreum/Free Japanese City Game Assets/Tiles/Tilemap_212.asset
  artifactKey: Guid(35e9ed892bb9cd740a973af91c021c64) Importer(815301076,1909f56bfc062723c751e8b465ee728b)
Start importing Assets/ASSETS SHOP/Gutty Kreum/Free Japanese City Game Assets/Tiles/Tilemap_212.asset using Guid(35e9ed892bb9cd740a973af91c021c64) Importer(815301076,1909f56bfc062723c751e8b465ee728b) [PhysX] Initialized MultithreadedTaskDispatcher with 16 workers.
 -> (artifact id: 'c037fee31f36b1fa473b2db9a51b13bc') in 0.015822 seconds
Number of updated asset objects reloaded before import = 0
Number of asset objects unloaded after import = 3
========================================================================
Received Import Request.
  Time since last request: 0.001713 seconds.
  path: Assets/ASSETS SHOP/Gutty Kreum/Free Japanese City Game Assets/Tiles/Tilemap_214.asset
  artifactKey: Guid(9185e9f61c5743247acddba04c1da773) Importer(815301076,1909f56bfc062723c751e8b465ee728b)
Start importing Assets/ASSETS SHOP/Gutty Kreum/Free Japanese City Game Assets/Tiles/Tilemap_214.asset using Guid(9185e9f61c5743247acddba04c1da773) Importer(815301076,1909f56bfc062723c751e8b465ee728b) [PhysX] Initialized MultithreadedTaskDispatcher with 16 workers.
 -> (artifact id: 'feec2a0f407258dc50983f27540d963f') in 0.016886 seconds
Number of updated asset objects reloaded before import = 0
Number of asset objects unloaded after import = 3
========================================================================
Received Import Request.
  Time since last request: 0.000967 seconds.
  path: Assets/ASSETS SHOP/Gutty Kreum/Free Japanese City Game Assets/Tiles/Tilemap_216.asset
  artifactKey: Guid(92fceb8c12d19b342bb2e93d84d7da4d) Importer(815301076,1909f56bfc062723c751e8b465ee728b)
Start importing Assets/ASSETS SHOP/Gutty Kreum/Free Japanese City Game Assets/Tiles/Tilemap_216.asset using Guid(92fceb8c12d19b342bb2e93d84d7da4d) Importer(815301076,1909f56bfc062723c751e8b465ee728b) [PhysX] Initialized MultithreadedTaskDispatcher with 16 workers.
 -> (artifact id: '7aec6d3229e44293e730592bbb4f0b92') in 0.015827 seconds
Number of updated asset objects reloaded before import = 0
Number of asset objects unloaded after import = 3
========================================================================
Received Import Request.
  Time since last request: 0.002575 seconds.
  path: Assets/ASSETS SHOP/Gutty Kreum/Free Japanese City Game Assets/Tiles/Tilemap_218.asset
  artifactKey: Guid(497ad7d4a8ab2104c8cab2b4d7d525f5) Importer(815301076,1909f56bfc062723c751e8b465ee728b)
Start importing Assets/ASSETS SHOP/Gutty Kreum/Free Japanese City Game Assets/Tiles/Tilemap_218.asset using Guid(497ad7d4a8ab2104c8cab2b4d7d525f5) Importer(815301076,1909f56bfc062723c751e8b465ee728b) [PhysX] Initialized MultithreadedTaskDispatcher with 16 workers.
 -> (artifact id: 'c646c950687e7721a7701feb5e129d3f') in 0.015605 seconds
Number of updated asset objects reloaded before import = 0
Number of asset objects unloaded after import = 3
========================================================================
Received Import Request.
  Time since last request: 0.002506 seconds.
  path: Assets/ASSETS SHOP/Gutty Kreum/Free Japanese City Game Assets/Tiles/Tilemap_220.asset
  artifactKey: Guid(bc6d4dbdb0f49ea459b09fb336a97972) Importer(815301076,1909f56bfc062723c751e8b465ee728b)
Start importing Assets/ASSETS SHOP/Gutty Kreum/Free Japanese City Game Assets/Tiles/Tilemap_220.asset using Guid(bc6d4dbdb0f49ea459b09fb336a97972) Importer(815301076,1909f56bfc062723c751e8b465ee728b) [PhysX] Initialized MultithreadedTaskDispatcher with 16 workers.
 -> (artifact id: '6aa8ef41df9559c13fea6fea5b451d17') in 0.016272 seconds
Number of updated asset objects reloaded before import = 0
Number of asset objects unloaded after import = 3
