Using pre-set license
Built from '2022.3/staging' branch; Version is '2022.3.52f1 (1120fcb54228) revision 1122556'; Using compiler version '192829333'; Build Type 'Release'
OS: 'Windows 11  (10.0.26100) 64bit Core' Language: 'nl' Physical Memory: 14198 MB
BatchMode: 1, IsHumanControllingUs: 0, StartBugReporterOnCrash: 0, Is64bit: 1, IsPro: 1

COMMAND LINE ARGUMENTS:
C:\Program Files\Unity\Hub\Editor\2022.3.52f1\Editor\Unity.exe
-adb2
-batchMode
-noUpm
-name
AssetImportWorker6
-projectPath
C:/Users/danib/OneDrive/Documents/GitHub/Project-P3
-logFile
Logs/AssetImportWorker6.log
-srvPort
50396
Successfully changed project path to: C:/Users/danib/OneDrive/Documents/GitHub/Project-P3
C:/Users/danib/OneDrive/Documents/GitHub/Project-P3
[UnityMemory] Configuration Parameters - Can be set up in boot.config
    "memorysetup-bucket-allocator-granularity=16"
    "memorysetup-bucket-allocator-bucket-count=8"
    "memorysetup-bucket-allocator-block-size=33554432"
    "memorysetup-bucket-allocator-block-count=8"
    "memorysetup-main-allocator-block-size=16777216"
    "memorysetup-thread-allocator-block-size=16777216"
    "memorysetup-gfx-main-allocator-block-size=16777216"
    "memorysetup-gfx-thread-allocator-block-size=16777216"
    "memorysetup-cache-allocator-block-size=4194304"
    "memorysetup-typetree-allocator-block-size=2097152"
    "memorysetup-profiler-bucket-allocator-granularity=16"
    "memorysetup-profiler-bucket-allocator-bucket-count=8"
    "memorysetup-profiler-bucket-allocator-block-size=33554432"
    "memorysetup-profiler-bucket-allocator-block-count=8"
    "memorysetup-profiler-allocator-block-size=16777216"
    "memorysetup-profiler-editor-allocator-block-size=1048576"
    "memorysetup-temp-allocator-size-main=16777216"
    "memorysetup-job-temp-allocator-block-size=2097152"
    "memorysetup-job-temp-allocator-block-size-background=1048576"
    "memorysetup-job-temp-allocator-reduction-small-platforms=262144"
    "memorysetup-allocator-temp-initial-block-size-main=262144"
    "memorysetup-allocator-temp-initial-block-size-worker=262144"
    "memorysetup-temp-allocator-size-background-worker=32768"
    "memorysetup-temp-allocator-size-job-worker=262144"
    "memorysetup-temp-allocator-size-preload-manager=33554432"
    "memorysetup-temp-allocator-size-nav-mesh-worker=65536"
    "memorysetup-temp-allocator-size-audio-worker=65536"
    "memorysetup-temp-allocator-size-cloud-worker=32768"
    "memorysetup-temp-allocator-size-gi-baking-worker=262144"
    "memorysetup-temp-allocator-size-gfx=262144"
Player connection [13616]  Target information:

Player connection [13616]  * "[IP] 10.32.98.79 [Port] 0 [Flags] 2 [Guid] 370283838 [EditorId] 370283838 [Version] 1048832 [Id] WindowsEditor(7,LaptopDMB) [Debug] 1 [PackageName] WindowsEditor [ProjectName] Editor" 

Player connection [13616] Host joined multi-casting on [225.0.0.222:54997]...
Player connection [13616] Host joined alternative multi-casting on [225.0.0.222:34997]...
[PhysX] Initialized MultithreadedTaskDispatcher with 16 workers.
Refreshing native plugins compatible for Editor in 33.21 ms, found 3 plugins.
Preloading 0 native plugins for Editor in 0.00 ms.
Initialize engine version: 2022.3.52f1 (1120fcb54228)
[Subsystems] Discovering subsystems at path C:/Program Files/Unity/Hub/Editor/2022.3.52f1/Editor/Data/Resources/UnitySubsystems
[Subsystems] Discovering subsystems at path C:/Users/danib/OneDrive/Documents/GitHub/Project-P3/Assets
GfxDevice: creating device client; threaded=0; jobified=0
Direct3D:
    Version:  Direct3D 11.0 [level 11.1]
    Renderer: AMD Radeon(TM) Graphics (ID=0x1638)
    Vendor:   ATI
    VRAM:     7099 MB
    Driver:   31.0.12044.47003
Initialize mono
Mono path[0] = 'C:/Program Files/Unity/Hub/Editor/2022.3.52f1/Editor/Data/Managed'
Mono path[1] = 'C:/Program Files/Unity/Hub/Editor/2022.3.52f1/Editor/Data/MonoBleedingEdge/lib/mono/unityjit-win32'
Mono config path = 'C:/Program Files/Unity/Hub/Editor/2022.3.52f1/Editor/Data/MonoBleedingEdge/etc'
Using monoOptions --debugger-agent=transport=dt_socket,embedding=1,server=y,suspend=n,address=127.0.0.1:56328
Begin MonoManager ReloadAssembly
Registering precompiled unity dll's ...
Register platform support module: C:/Program Files/Unity/Hub/Editor/2022.3.52f1/Editor/Data/PlaybackEngines/AndroidPlayer/UnityEditor.Android.Extensions.dll
Register platform support module: C:/Program Files/Unity/Hub/Editor/2022.3.52f1/Editor/Data/PlaybackEngines/WindowsStandaloneSupport/UnityEditor.WindowsStandalone.Extensions.dll
Registered in 0.013913 seconds.
- Loaded All Assemblies, in  0.795 seconds
Native extension for WindowsStandalone target not found
Native extension for Android target not found
Android Extension - Scanning For ADB Devices 568 ms
Mono: successfully reloaded assembly
- Finished resetting the current domain, in  1.204 seconds
Domain Reload Profiling: 2000ms
	BeginReloadAssembly (297ms)
		ExecutionOrderSort (0ms)
		DisableScriptedObjects (0ms)
		BackupInstance (0ms)
		ReleaseScriptingObjects (0ms)
		CreateAndSetChildDomain (1ms)
	RebuildCommonClasses (61ms)
	RebuildNativeTypeToScriptingClass (11ms)
	initialDomainReloadingComplete (125ms)
	LoadAllAssembliesAndSetupDomain (297ms)
		LoadAssemblies (291ms)
		RebuildTransferFunctionScriptingTraits (0ms)
		AnalyzeDomain (294ms)
			TypeCache.Refresh (292ms)
				TypeCache.ScanAssembly (275ms)
			ScanForSourceGeneratedMonoScriptInfo (1ms)
			ResolveRequiredComponents (1ms)
	FinalizeReload (1208ms)
		ReleaseScriptCaches (0ms)
		RebuildScriptCaches (0ms)
		SetupLoadedEditorAssemblies (1116ms)
			LogAssemblyErrors (0ms)
			InitializePlatformSupportModulesInManaged (741ms)
			SetLoadedEditorAssemblies (10ms)
			RefreshPlugins (0ms)
			BeforeProcessingInitializeOnLoad (4ms)
			ProcessInitializeOnLoadAttributes (278ms)
			ProcessInitializeOnLoadMethodAttributes (84ms)
			AfterProcessingInitializeOnLoad (0ms)
			EditorAssembliesLoaded (0ms)
		ExecutionOrderSort2 (0ms)
		AwakeInstancesAfterBackupRestoration (0ms)
========================================================================
Worker process is ready to serve import requests
Caller must complete domain reload
Begin MonoManager ReloadAssembly
- Loaded All Assemblies, in  0.944 seconds
Native extension for WindowsStandalone target not found
Native extension for Android target not found
Mono: successfully reloaded assembly
- Finished resetting the current domain, in  0.733 seconds
Domain Reload Profiling: 1670ms
	BeginReloadAssembly (194ms)
		ExecutionOrderSort (0ms)
		DisableScriptedObjects (5ms)
		BackupInstance (0ms)
		ReleaseScriptingObjects (0ms)
		CreateAndSetChildDomain (23ms)
	RebuildCommonClasses (30ms)
	RebuildNativeTypeToScriptingClass (29ms)
	initialDomainReloadingComplete (45ms)
	LoadAllAssembliesAndSetupDomain (638ms)
		LoadAssemblies (571ms)
		RebuildTransferFunctionScriptingTraits (0ms)
		AnalyzeDomain (198ms)
			TypeCache.Refresh (180ms)
				TypeCache.ScanAssembly (164ms)
			ScanForSourceGeneratedMonoScriptInfo (12ms)
			ResolveRequiredComponents (4ms)
	FinalizeReload (733ms)
		ReleaseScriptCaches (0ms)
		RebuildScriptCaches (0ms)
		SetupLoadedEditorAssemblies (566ms)
			LogAssemblyErrors (0ms)
			InitializePlatformSupportModulesInManaged (18ms)
			SetLoadedEditorAssemblies (3ms)
			RefreshPlugins (0ms)
			BeforeProcessingInitializeOnLoad (84ms)
			ProcessInitializeOnLoadAttributes (431ms)
			ProcessInitializeOnLoadMethodAttributes (21ms)
			AfterProcessingInitializeOnLoad (9ms)
			EditorAssembliesLoaded (0ms)
		ExecutionOrderSort2 (0ms)
		AwakeInstancesAfterBackupRestoration (6ms)
Launched and connected shader compiler UnityShaderCompiler.exe after 0.06 seconds
Refreshing native plugins compatible for Editor in 4.24 ms, found 3 plugins.
Preloading 0 native plugins for Editor in 0.00 ms.
Unloading 3169 Unused Serialized files (Serialized files now loaded: 0)
Unloading 19 unused Assets / (54.6 KB). Loaded Objects now: 3637.
Memory consumption went from 126.5 MB to 126.4 MB.
Total: 2.811100 ms (FindLiveObjects: 0.249300 ms CreateObjectMapping: 0.084600 ms MarkObjects: 2.382600 ms  DeleteObjects: 0.093400 ms)

AssetImportParameters requested are different than current active one (requested -> active):
  custom:container-demuxer-ogg: 62fdf1f143b41e24485cea50d1cbac27 -> 
  custom:video-codec-MediaFoundation-h265: 746d11721c4dcdbdad8f713fa42b33f4 -> 
  custom:video-decoder-ogg-theora: a1e56fd34408186e4bbccfd4996cb3dc -> 
  custom:framework-win-MediaFoundation: 216162199b28c13a410421893ffa2e32 -> 
  custom:CustomObjectIndexerAttribute: 9a22284fe3817be447336de3de66b15e -> 
  custom:container-demuxer-webm: 4f35f7cbe854078d1ac9338744f61a02 -> 
  custom:container-muxer-webm: aa71ff27fc2769a1b78a27578f13a17b -> 
  custom:video-decoder-webm-vp8: 9c59270c3fd7afecdb556c50c9e8de78 -> 
  custom:SearchIndexIgnoredProperties: e643bd26f0fe6173181afceb89e7c659 -> 
  custom:AudioImporter_EditorPlatform: d09bf68614088b80899f8185d706f6e7 -> 
  custom:video-encoder-webm-vp8: eb34c28f22e8b96e1ab97ce403110664 -> 
  custom:audio-decoder-ogg-vorbis: bf7c407c2cedff20999df2af8eb42d56 -> 
  custom:audio-encoder-webm-vorbis: bf7c407c2cedff20999df2af8eb42d56 -> 
========================================================================
Received Import Request.
  Time since last request: 79844.466957 seconds.
  path: Assets/ASSETS SHOP/City Pack/Prefab/CP_V1.0.4_15.prefab
  artifactKey: Guid(d8fa3df575c32414c8ceb24bfbb3b9a4) Importer(815301076,1909f56bfc062723c751e8b465ee728b)
Start importing Assets/ASSETS SHOP/City Pack/Prefab/CP_V1.0.4_15.prefab using Guid(d8fa3df575c32414c8ceb24bfbb3b9a4) Importer(815301076,1909f56bfc062723c751e8b465ee728b) [PhysX] Initialized MultithreadedTaskDispatcher with 16 workers.
[PhysX] Initialized MultithreadedTaskDispatcher with 16 workers.
 -> (artifact id: '48f8ce166e98ea55db8a1eb9c5e8cf96') in 0.251033 seconds
Number of updated asset objects reloaded before import = 0
Number of asset objects unloaded after import = 7
========================================================================
Received Import Request.
  Time since last request: 9.167636 seconds.
  path: Assets/ASSETS SHOP/GROUND TILESETS RULE TILES/Ground Tiles V3/Ground Sprites/54-2.png
  artifactKey: Guid(35f0a37a03d5e384a8432b3979c36833) Importer(815301076,1909f56bfc062723c751e8b465ee728b)
Start importing Assets/ASSETS SHOP/GROUND TILESETS RULE TILES/Ground Tiles V3/Ground Sprites/54-2.png using Guid(35f0a37a03d5e384a8432b3979c36833) Importer(815301076,1909f56bfc062723c751e8b465ee728b) [PhysX] Initialized MultithreadedTaskDispatcher with 16 workers.
[PhysX] Initialized MultithreadedTaskDispatcher with 16 workers.
 -> (artifact id: '61f639b4a029dc17d1f3179341d73f1a') in 0.091579 seconds
Number of updated asset objects reloaded before import = 0
Number of asset objects unloaded after import = 17
========================================================================
Received Import Request.
  Time since last request: 0.000046 seconds.
  path: Assets/ASSETS SHOP/GROUND TILESETS RULE TILES/Ground Tiles V3/Ground Sprites/69.png
  artifactKey: Guid(36039d83db9694a4b86ab2ec84e20db8) Importer(815301076,1909f56bfc062723c751e8b465ee728b)
Start importing Assets/ASSETS SHOP/GROUND TILESETS RULE TILES/Ground Tiles V3/Ground Sprites/69.png using Guid(36039d83db9694a4b86ab2ec84e20db8) Importer(815301076,1909f56bfc062723c751e8b465ee728b) [PhysX] Initialized MultithreadedTaskDispatcher with 16 workers.
[PhysX] Initialized MultithreadedTaskDispatcher with 16 workers.
 -> (artifact id: '925eb0c9d2bdcf391ee6ebd2fb224be5') in 0.063554 seconds
Number of updated asset objects reloaded before import = 0
Number of asset objects unloaded after import = 17
========================================================================
Received Import Request.
  Time since last request: 0.000055 seconds.
  path: Assets/ASSETS SHOP/GROUND TILESETS RULE TILES/Ground Tiles V3/Ground Sprites/61.png
  artifactKey: Guid(0a6cb775d0a35fc46860ff3469f77ee6) Importer(815301076,1909f56bfc062723c751e8b465ee728b)
Start importing Assets/ASSETS SHOP/GROUND TILESETS RULE TILES/Ground Tiles V3/Ground Sprites/61.png using Guid(0a6cb775d0a35fc46860ff3469f77ee6) Importer(815301076,1909f56bfc062723c751e8b465ee728b) [PhysX] Initialized MultithreadedTaskDispatcher with 16 workers.
[PhysX] Initialized MultithreadedTaskDispatcher with 16 workers.
 -> (artifact id: '785d64fb84324f46e33324535176d827') in 0.056907 seconds
Number of updated asset objects reloaded before import = 0
Number of asset objects unloaded after import = 17
========================================================================
Received Import Request.
  Time since last request: 0.000058 seconds.
  path: Assets/ASSETS SHOP/GROUND TILESETS RULE TILES/Ground Tiles V3/Ground Sprites/54-4.png
  artifactKey: Guid(d4ab39893498c634eb61bdc01986d170) Importer(815301076,1909f56bfc062723c751e8b465ee728b)
Start importing Assets/ASSETS SHOP/GROUND TILESETS RULE TILES/Ground Tiles V3/Ground Sprites/54-4.png using Guid(d4ab39893498c634eb61bdc01986d170) Importer(815301076,1909f56bfc062723c751e8b465ee728b) [PhysX] Initialized MultithreadedTaskDispatcher with 16 workers.
[PhysX] Initialized MultithreadedTaskDispatcher with 16 workers.
 -> (artifact id: 'ed5a4807c70afa02f9c9e3c35aec4598') in 0.060664 seconds
Number of updated asset objects reloaded before import = 0
Number of asset objects unloaded after import = 17
========================================================================
Received Import Request.
  Time since last request: 0.000025 seconds.
  path: Assets/ASSETS SHOP/GROUND TILESETS RULE TILES/Ground Tiles V3/Ground Sprites/66.png
  artifactKey: Guid(6cca969deaba1ce44acb66875006cc0e) Importer(815301076,1909f56bfc062723c751e8b465ee728b)
Start importing Assets/ASSETS SHOP/GROUND TILESETS RULE TILES/Ground Tiles V3/Ground Sprites/66.png using Guid(6cca969deaba1ce44acb66875006cc0e) Importer(815301076,1909f56bfc062723c751e8b465ee728b) [PhysX] Initialized MultithreadedTaskDispatcher with 16 workers.
[PhysX] Initialized MultithreadedTaskDispatcher with 16 workers.
 -> (artifact id: '871241f5c2e33b083e23fc3417dfbc89') in 0.078261 seconds
Number of updated asset objects reloaded before import = 0
Number of asset objects unloaded after import = 17
========================================================================
Received Import Request.
  Time since last request: 0.000018 seconds.
  path: Assets/ASSETS SHOP/GROUND TILESETS RULE TILES/Ground Tiles V3/Ground Sprites/55.png
  artifactKey: Guid(7af5932187b96d04cab85c69a03891c6) Importer(815301076,1909f56bfc062723c751e8b465ee728b)
Start importing Assets/ASSETS SHOP/GROUND TILESETS RULE TILES/Ground Tiles V3/Ground Sprites/55.png using Guid(7af5932187b96d04cab85c69a03891c6) Importer(815301076,1909f56bfc062723c751e8b465ee728b) [PhysX] Initialized MultithreadedTaskDispatcher with 16 workers.
[PhysX] Initialized MultithreadedTaskDispatcher with 16 workers.
 -> (artifact id: 'cb9c0f52f28a2b37089295108fa68771') in 0.077727 seconds
Number of updated asset objects reloaded before import = 0
Number of asset objects unloaded after import = 17
========================================================================
Received Import Request.
  Time since last request: 0.000025 seconds.
  path: Assets/ASSETS SHOP/GROUND TILESETS RULE TILES/Ground Tiles V3/Ground Sprites/58.png
  artifactKey: Guid(246d3b774d28357418eb0e1a2ab739a9) Importer(815301076,1909f56bfc062723c751e8b465ee728b)
Start importing Assets/ASSETS SHOP/GROUND TILESETS RULE TILES/Ground Tiles V3/Ground Sprites/58.png using Guid(246d3b774d28357418eb0e1a2ab739a9) Importer(815301076,1909f56bfc062723c751e8b465ee728b) [PhysX] Initialized MultithreadedTaskDispatcher with 16 workers.
[PhysX] Initialized MultithreadedTaskDispatcher with 16 workers.
 -> (artifact id: '960b08316d7b4b3a02303603e63187e6') in 0.103029 seconds
Number of updated asset objects reloaded before import = 0
Number of asset objects unloaded after import = 17
========================================================================
Received Import Request.
  Time since last request: 0.000033 seconds.
  path: Assets/ASSETS SHOP/GROUND TILESETS RULE TILES/Ground Tiles V3/Ground Sprites/55-3.png
  artifactKey: Guid(f21d003571389844b9bd77033e22a597) Importer(815301076,1909f56bfc062723c751e8b465ee728b)
Start importing Assets/ASSETS SHOP/GROUND TILESETS RULE TILES/Ground Tiles V3/Ground Sprites/55-3.png using Guid(f21d003571389844b9bd77033e22a597) Importer(815301076,1909f56bfc062723c751e8b465ee728b) [PhysX] Initialized MultithreadedTaskDispatcher with 16 workers.
[PhysX] Initialized MultithreadedTaskDispatcher with 16 workers.
 -> (artifact id: 'ad7438b56c869184c2e277e9c31cba85') in 0.086632 seconds
Number of updated asset objects reloaded before import = 0
Number of asset objects unloaded after import = 17
========================================================================
Received Import Request.
  Time since last request: 0.000040 seconds.
  path: Assets/ASSETS SHOP/GROUND TILESETS RULE TILES/Ground Tiles V3/Ground Sprites/56-2.png
  artifactKey: Guid(195e04fcb2f49f248b00806d9276473e) Importer(815301076,1909f56bfc062723c751e8b465ee728b)
Start importing Assets/ASSETS SHOP/GROUND TILESETS RULE TILES/Ground Tiles V3/Ground Sprites/56-2.png using Guid(195e04fcb2f49f248b00806d9276473e) Importer(815301076,1909f56bfc062723c751e8b465ee728b) [PhysX] Initialized MultithreadedTaskDispatcher with 16 workers.
[PhysX] Initialized MultithreadedTaskDispatcher with 16 workers.
 -> (artifact id: 'a30a27ef9b1dde34786be5e8db281917') in 0.082476 seconds
Number of updated asset objects reloaded before import = 0
Number of asset objects unloaded after import = 17
========================================================================
Received Import Request.
  Time since last request: 0.000031 seconds.
  path: Assets/ASSETS SHOP/GROUND TILESETS RULE TILES/Ground Tiles V3/Ground Sprites/56.png
  artifactKey: Guid(86f41bf8ff4e4b149bede2d57fee00ce) Importer(815301076,1909f56bfc062723c751e8b465ee728b)
Start importing Assets/ASSETS SHOP/GROUND TILESETS RULE TILES/Ground Tiles V3/Ground Sprites/56.png using Guid(86f41bf8ff4e4b149bede2d57fee00ce) Importer(815301076,1909f56bfc062723c751e8b465ee728b) [PhysX] Initialized MultithreadedTaskDispatcher with 16 workers.
[PhysX] Initialized MultithreadedTaskDispatcher with 16 workers.
 -> (artifact id: 'ce2a8b64ee450cef29e4fc5ff6d95fb0') in 0.088519 seconds
Number of updated asset objects reloaded before import = 0
Number of asset objects unloaded after import = 17
========================================================================
Received Import Request.
  Time since last request: 14.345075 seconds.
  path: Assets/ASSETS SHOP/Gutty Kreum/Free Japanese City Game Assets/Tiles/Tilemap_2.asset
  artifactKey: Guid(c805a490b4fd6264a897c4a63defc780) Importer(815301076,1909f56bfc062723c751e8b465ee728b)
Start importing Assets/ASSETS SHOP/Gutty Kreum/Free Japanese City Game Assets/Tiles/Tilemap_2.asset using Guid(c805a490b4fd6264a897c4a63defc780) Importer(815301076,1909f56bfc062723c751e8b465ee728b) [PhysX] Initialized MultithreadedTaskDispatcher with 16 workers.
 -> (artifact id: 'dcb9b33aee630865d6080260217b0979') in 0.032229 seconds
Number of updated asset objects reloaded before import = 0
Number of asset objects unloaded after import = 3
========================================================================
Received Import Request.
  Time since last request: 0.000050 seconds.
  path: Assets/ASSETS SHOP/Gutty Kreum/Free Japanese City Game Assets/Tiles/Tilemap_10.asset
  artifactKey: Guid(ef0a467d0dab4254b81506380ac20790) Importer(815301076,1909f56bfc062723c751e8b465ee728b)
Start importing Assets/ASSETS SHOP/Gutty Kreum/Free Japanese City Game Assets/Tiles/Tilemap_10.asset using Guid(ef0a467d0dab4254b81506380ac20790) Importer(815301076,1909f56bfc062723c751e8b465ee728b) [PhysX] Initialized MultithreadedTaskDispatcher with 16 workers.
 -> (artifact id: '1a6c7aeef5d74ff174742d6b351047d9') in 0.043221 seconds
Number of updated asset objects reloaded before import = 0
Number of asset objects unloaded after import = 3
========================================================================
Received Import Request.
  Time since last request: 0.000037 seconds.
  path: Assets/ASSETS SHOP/Gutty Kreum/Free Japanese City Game Assets/Tiles/Tilemap_24.asset
  artifactKey: Guid(74988e04d76d29b479af40d452f49b42) Importer(815301076,1909f56bfc062723c751e8b465ee728b)
Start importing Assets/ASSETS SHOP/Gutty Kreum/Free Japanese City Game Assets/Tiles/Tilemap_24.asset using Guid(74988e04d76d29b479af40d452f49b42) Importer(815301076,1909f56bfc062723c751e8b465ee728b) [PhysX] Initialized MultithreadedTaskDispatcher with 16 workers.
 -> (artifact id: '241415ffe71f6f3bc6c79b87ca858247') in 0.024764 seconds
Number of updated asset objects reloaded before import = 0
Number of asset objects unloaded after import = 3
========================================================================
Received Import Request.
  Time since last request: 0.000031 seconds.
  path: Assets/ASSETS SHOP/Gutty Kreum/Free Japanese City Game Assets/Tiles/Tilemap_19.asset
  artifactKey: Guid(de51c7d7d5918bf418541f72b03b92c0) Importer(815301076,1909f56bfc062723c751e8b465ee728b)
Start importing Assets/ASSETS SHOP/Gutty Kreum/Free Japanese City Game Assets/Tiles/Tilemap_19.asset using Guid(de51c7d7d5918bf418541f72b03b92c0) Importer(815301076,1909f56bfc062723c751e8b465ee728b) [PhysX] Initialized MultithreadedTaskDispatcher with 16 workers.
 -> (artifact id: '717d71a52d0569ddd156fee6d1728c8c') in 0.044915 seconds
Number of updated asset objects reloaded before import = 0
Number of asset objects unloaded after import = 3
========================================================================
Received Import Request.
  Time since last request: 0.000164 seconds.
  path: Assets/ASSETS SHOP/Gutty Kreum/Free Japanese City Game Assets/Tiles/Tilemap_9.asset
  artifactKey: Guid(a3798d03cd050754083863c10b17af1a) Importer(815301076,1909f56bfc062723c751e8b465ee728b)
Start importing Assets/ASSETS SHOP/Gutty Kreum/Free Japanese City Game Assets/Tiles/Tilemap_9.asset using Guid(a3798d03cd050754083863c10b17af1a) Importer(815301076,1909f56bfc062723c751e8b465ee728b) [PhysX] Initialized MultithreadedTaskDispatcher with 16 workers.
 -> (artifact id: 'b42661b16470f9713e132561e2a01fc1') in 0.021245 seconds
Number of updated asset objects reloaded before import = 0
Number of asset objects unloaded after import = 3
========================================================================
Received Import Request.
  Time since last request: 0.000071 seconds.
  path: Assets/ASSETS SHOP/Gutty Kreum/Free Japanese City Game Assets/Tiles/Tilemap_39.asset
  artifactKey: Guid(8f4e074c2b66391488b429475dc7a339) Importer(815301076,1909f56bfc062723c751e8b465ee728b)
Start importing Assets/ASSETS SHOP/Gutty Kreum/Free Japanese City Game Assets/Tiles/Tilemap_39.asset using Guid(8f4e074c2b66391488b429475dc7a339) Importer(815301076,1909f56bfc062723c751e8b465ee728b) [PhysX] Initialized MultithreadedTaskDispatcher with 16 workers.
 -> (artifact id: '53350bdb17831652b3eb139721ac1924') in 0.042838 seconds
Number of updated asset objects reloaded before import = 0
Number of asset objects unloaded after import = 3
========================================================================
Received Import Request.
  Time since last request: 0.000026 seconds.
  path: Assets/ASSETS SHOP/Gutty Kreum/Free Japanese City Game Assets/Tiles/Tilemap_40.asset
  artifactKey: Guid(7e50c4814afe43446b922a41fd23c84c) Importer(815301076,1909f56bfc062723c751e8b465ee728b)
Start importing Assets/ASSETS SHOP/Gutty Kreum/Free Japanese City Game Assets/Tiles/Tilemap_40.asset using Guid(7e50c4814afe43446b922a41fd23c84c) Importer(815301076,1909f56bfc062723c751e8b465ee728b) [PhysX] Initialized MultithreadedTaskDispatcher with 16 workers.
 -> (artifact id: 'e832135fb1619ea6f349b697e4af0bae') in 0.027056 seconds
Number of updated asset objects reloaded before import = 0
Number of asset objects unloaded after import = 3
========================================================================
Received Import Request.
  Time since last request: 0.000025 seconds.
  path: Assets/ASSETS SHOP/Gutty Kreum/Free Japanese City Game Assets/Tiles/Tilemap_8.asset
  artifactKey: Guid(8e1b9ba5b036784429fe7ba187bfc814) Importer(815301076,1909f56bfc062723c751e8b465ee728b)
Start importing Assets/ASSETS SHOP/Gutty Kreum/Free Japanese City Game Assets/Tiles/Tilemap_8.asset using Guid(8e1b9ba5b036784429fe7ba187bfc814) Importer(815301076,1909f56bfc062723c751e8b465ee728b) [PhysX] Initialized MultithreadedTaskDispatcher with 16 workers.
 -> (artifact id: '321f33cb2ae047639749c32c58db6518') in 0.026896 seconds
Number of updated asset objects reloaded before import = 0
Number of asset objects unloaded after import = 3
========================================================================
Received Import Request.
  Time since last request: 0.000020 seconds.
  path: Assets/ASSETS SHOP/Gutty Kreum/Free Japanese City Game Assets/Tiles/Tilemap_37.asset
  artifactKey: Guid(ab41e000635eac240abe438c115661ae) Importer(815301076,1909f56bfc062723c751e8b465ee728b)
Start importing Assets/ASSETS SHOP/Gutty Kreum/Free Japanese City Game Assets/Tiles/Tilemap_37.asset using Guid(ab41e000635eac240abe438c115661ae) Importer(815301076,1909f56bfc062723c751e8b465ee728b) [PhysX] Initialized MultithreadedTaskDispatcher with 16 workers.
 -> (artifact id: '1a09f8f5dc1071bc5ca7c941b2c537c3') in 0.024239 seconds
Number of updated asset objects reloaded before import = 0
Number of asset objects unloaded after import = 3
========================================================================
Received Import Request.
  Time since last request: 0.000018 seconds.
  path: Assets/ASSETS SHOP/Gutty Kreum/Free Japanese City Game Assets/Tiles/Tilemap_7.asset
  artifactKey: Guid(920995da5482b9f479ee4a9489cfe0cd) Importer(815301076,1909f56bfc062723c751e8b465ee728b)
Start importing Assets/ASSETS SHOP/Gutty Kreum/Free Japanese City Game Assets/Tiles/Tilemap_7.asset using Guid(920995da5482b9f479ee4a9489cfe0cd) Importer(815301076,1909f56bfc062723c751e8b465ee728b) [PhysX] Initialized MultithreadedTaskDispatcher with 16 workers.
 -> (artifact id: '4d9e7034791351d285debc1a6b6f783f') in 0.024547 seconds
Number of updated asset objects reloaded before import = 0
Number of asset objects unloaded after import = 3
========================================================================
Received Import Request.
  Time since last request: 0.000025 seconds.
  path: Assets/ASSETS SHOP/Gutty Kreum/Free Japanese City Game Assets/Tiles/Tilemap_42.asset
  artifactKey: Guid(506530cb19bf88c4ba4a8a67f8552d13) Importer(815301076,1909f56bfc062723c751e8b465ee728b)
Start importing Assets/ASSETS SHOP/Gutty Kreum/Free Japanese City Game Assets/Tiles/Tilemap_42.asset using Guid(506530cb19bf88c4ba4a8a67f8552d13) Importer(815301076,1909f56bfc062723c751e8b465ee728b) [PhysX] Initialized MultithreadedTaskDispatcher with 16 workers.
 -> (artifact id: '82f33bdce6489c6f1dc1e8abe467c517') in 0.027617 seconds
Number of updated asset objects reloaded before import = 0
Number of asset objects unloaded after import = 3
========================================================================
Received Import Request.
  Time since last request: 7.674196 seconds.
  path: Assets/Tiles/Cyberpunk Street Assets/Assets - 70 DPI (Roll20)/Barrel 1 - Orange - 1x1.png
  artifactKey: Guid(984923353434cc443bb11a2a2bbb9cf6) Importer(815301076,1909f56bfc062723c751e8b465ee728b)
Start importing Assets/Tiles/Cyberpunk Street Assets/Assets - 70 DPI (Roll20)/Barrel 1 - Orange - 1x1.png using Guid(984923353434cc443bb11a2a2bbb9cf6) Importer(815301076,1909f56bfc062723c751e8b465ee728b) [PhysX] Initialized MultithreadedTaskDispatcher with 16 workers.
[PhysX] Initialized MultithreadedTaskDispatcher with 16 workers.
 -> (artifact id: '787c7431066a0bd44ca30e79f8affb9f') in 0.017981 seconds
Number of updated asset objects reloaded before import = 0
Number of asset objects unloaded after import = 3
========================================================================
Received Import Request.
  Time since last request: 0.004905 seconds.
  path: Assets/Tiles/Cyberpunk Street Assets/Assets - 70 DPI (Roll20)/Barrels 1 - Orange - 1x1.png
  artifactKey: Guid(a7e504e5122225d40b2be12f3255da53) Importer(815301076,1909f56bfc062723c751e8b465ee728b)
Start importing Assets/Tiles/Cyberpunk Street Assets/Assets - 70 DPI (Roll20)/Barrels 1 - Orange - 1x1.png using Guid(a7e504e5122225d40b2be12f3255da53) Importer(815301076,1909f56bfc062723c751e8b465ee728b) [PhysX] Initialized MultithreadedTaskDispatcher with 16 workers.
[PhysX] Initialized MultithreadedTaskDispatcher with 16 workers.
 -> (artifact id: '5e950a2497f2f5300c70f90691b88468') in 0.017683 seconds
Number of updated asset objects reloaded before import = 0
Number of asset objects unloaded after import = 3
========================================================================
Received Import Request.
  Time since last request: 0.005449 seconds.
  path: Assets/Tiles/Cyberpunk Street Assets/Assets - 70 DPI (Roll20)/Barrels 2 - Blue - 2x1.png
  artifactKey: Guid(6e733048d662b924aa226f7d1661478c) Importer(815301076,1909f56bfc062723c751e8b465ee728b)
Start importing Assets/Tiles/Cyberpunk Street Assets/Assets - 70 DPI (Roll20)/Barrels 2 - Blue - 2x1.png using Guid(6e733048d662b924aa226f7d1661478c) Importer(815301076,1909f56bfc062723c751e8b465ee728b) [PhysX] Initialized MultithreadedTaskDispatcher with 16 workers.
[PhysX] Initialized MultithreadedTaskDispatcher with 16 workers.
 -> (artifact id: '9242b6d55e8523e0b3498705ee55c729') in 0.016952 seconds
Number of updated asset objects reloaded before import = 0
Number of asset objects unloaded after import = 3
========================================================================
Received Import Request.
  Time since last request: 0.006110 seconds.
  path: Assets/Tiles/Cyberpunk Street Assets/Assets - 70 DPI (Roll20)/Barrier - Concrete 1 - 1x1.png
  artifactKey: Guid(f1cf8fc1cb6e9c541bbd45cdffbb6e79) Importer(815301076,1909f56bfc062723c751e8b465ee728b)
Start importing Assets/Tiles/Cyberpunk Street Assets/Assets - 70 DPI (Roll20)/Barrier - Concrete 1 - 1x1.png using Guid(f1cf8fc1cb6e9c541bbd45cdffbb6e79) Importer(815301076,1909f56bfc062723c751e8b465ee728b) [PhysX] Initialized MultithreadedTaskDispatcher with 16 workers.
[PhysX] Initialized MultithreadedTaskDispatcher with 16 workers.
 -> (artifact id: 'f29152c79f15746933e522488a697085') in 0.016444 seconds
Number of updated asset objects reloaded before import = 0
Number of asset objects unloaded after import = 3
========================================================================
Received Import Request.
  Time since last request: 0.005893 seconds.
  path: Assets/Tiles/Cyberpunk Street Assets/Assets - 70 DPI (Roll20)/Bedding - Blankets - 1x2.png
  artifactKey: Guid(f49c84530cc0fac439b46386876f0f86) Importer(815301076,1909f56bfc062723c751e8b465ee728b)
Start importing Assets/Tiles/Cyberpunk Street Assets/Assets - 70 DPI (Roll20)/Bedding - Blankets - 1x2.png using Guid(f49c84530cc0fac439b46386876f0f86) Importer(815301076,1909f56bfc062723c751e8b465ee728b) [PhysX] Initialized MultithreadedTaskDispatcher with 16 workers.
[PhysX] Initialized MultithreadedTaskDispatcher with 16 workers.
 -> (artifact id: '28a62f8656762b593b2e5a84af0fa36c') in 0.018683 seconds
Number of updated asset objects reloaded before import = 0
Number of asset objects unloaded after import = 3
========================================================================
Received Import Request.
  Time since last request: 0.006394 seconds.
  path: Assets/Tiles/Cyberpunk Street Assets/Assets - 70 DPI (Roll20)/Bench - Concrete 1 - 1x1.png
  artifactKey: Guid(cb25e0176bd16554bb74e8fd37f7b29f) Importer(815301076,1909f56bfc062723c751e8b465ee728b)
Start importing Assets/Tiles/Cyberpunk Street Assets/Assets - 70 DPI (Roll20)/Bench - Concrete 1 - 1x1.png using Guid(cb25e0176bd16554bb74e8fd37f7b29f) Importer(815301076,1909f56bfc062723c751e8b465ee728b) [PhysX] Initialized MultithreadedTaskDispatcher with 16 workers.
[PhysX] Initialized MultithreadedTaskDispatcher with 16 workers.
 -> (artifact id: 'a09130efd3387902b6120f501b33f80e') in 0.017387 seconds
Number of updated asset objects reloaded before import = 0
Number of asset objects unloaded after import = 3
========================================================================
Received Import Request.
  Time since last request: 0.005506 seconds.
  path: Assets/Tiles/Cyberpunk Street Assets/Assets - 70 DPI (Roll20)/Bench - Metal 2 - 1x1.png
  artifactKey: Guid(4f7a0c370ae02fa498345c7c4243d020) Importer(815301076,1909f56bfc062723c751e8b465ee728b)
Start importing Assets/Tiles/Cyberpunk Street Assets/Assets - 70 DPI (Roll20)/Bench - Metal 2 - 1x1.png using Guid(4f7a0c370ae02fa498345c7c4243d020) Importer(815301076,1909f56bfc062723c751e8b465ee728b) [PhysX] Initialized MultithreadedTaskDispatcher with 16 workers.
[PhysX] Initialized MultithreadedTaskDispatcher with 16 workers.
 -> (artifact id: 'a50d40e460de09fd0311e68612570b44') in 0.016035 seconds
Number of updated asset objects reloaded before import = 0
Number of asset objects unloaded after import = 3
========================================================================
Received Import Request.
  Time since last request: 0.005514 seconds.
  path: Assets/Tiles/Cyberpunk Street Assets/Assets - 70 DPI (Roll20)/Bench - Metal 3 - Orange - 2x1.png
  artifactKey: Guid(ec1d17e289f5dc84293ad117e228f97e) Importer(815301076,1909f56bfc062723c751e8b465ee728b)
Start importing Assets/Tiles/Cyberpunk Street Assets/Assets - 70 DPI (Roll20)/Bench - Metal 3 - Orange - 2x1.png using Guid(ec1d17e289f5dc84293ad117e228f97e) Importer(815301076,1909f56bfc062723c751e8b465ee728b) [PhysX] Initialized MultithreadedTaskDispatcher with 16 workers.
[PhysX] Initialized MultithreadedTaskDispatcher with 16 workers.
 -> (artifact id: '454dbe5b16742b19a2ad0d7d7f0195fb') in 0.018442 seconds
Number of updated asset objects reloaded before import = 0
Number of asset objects unloaded after import = 3
========================================================================
Received Import Request.
  Time since last request: 0.005633 seconds.
  path: Assets/Tiles/Cyberpunk Street Assets/Assets - 70 DPI (Roll20)/Building facade 3 - Red - 12x3.png
  artifactKey: Guid(aa0c54167684496458e79b7ab3da7ed4) Importer(815301076,1909f56bfc062723c751e8b465ee728b)
Start importing Assets/Tiles/Cyberpunk Street Assets/Assets - 70 DPI (Roll20)/Building facade 3 - Red - 12x3.png using Guid(aa0c54167684496458e79b7ab3da7ed4) Importer(815301076,1909f56bfc062723c751e8b465ee728b) [PhysX] Initialized MultithreadedTaskDispatcher with 16 workers.
[PhysX] Initialized MultithreadedTaskDispatcher with 16 workers.
 -> (artifact id: 'd38037e79b92045b3262fa0768a209a0') in 0.018025 seconds
Number of updated asset objects reloaded before import = 0
Number of asset objects unloaded after import = 3
========================================================================
Received Import Request.
  Time since last request: 0.006002 seconds.
  path: Assets/Tiles/Cyberpunk Street Assets/Assets - 70 DPI (Roll20)/Building facade 5 - Red - 12x3.png
  artifactKey: Guid(3215297c00d5d224797489a4ec34e47d) Importer(815301076,1909f56bfc062723c751e8b465ee728b)
Start importing Assets/Tiles/Cyberpunk Street Assets/Assets - 70 DPI (Roll20)/Building facade 5 - Red - 12x3.png using Guid(3215297c00d5d224797489a4ec34e47d) Importer(815301076,1909f56bfc062723c751e8b465ee728b) [PhysX] Initialized MultithreadedTaskDispatcher with 16 workers.
[PhysX] Initialized MultithreadedTaskDispatcher with 16 workers.
 -> (artifact id: '6decbe1e66a740347a80d84c5b5ae5b8') in 0.019881 seconds
Number of updated asset objects reloaded before import = 0
Number of asset objects unloaded after import = 3
========================================================================
Received Import Request.
  Time since last request: 0.009459 seconds.
  path: Assets/Tiles/Cyberpunk Street Assets/Assets - 70 DPI (Roll20)/Cans - 1x1.png
  artifactKey: Guid(7fd36b7bb5135354c97b1b368297d93c) Importer(815301076,1909f56bfc062723c751e8b465ee728b)
Start importing Assets/Tiles/Cyberpunk Street Assets/Assets - 70 DPI (Roll20)/Cans - 1x1.png using Guid(7fd36b7bb5135354c97b1b368297d93c) Importer(815301076,1909f56bfc062723c751e8b465ee728b) [PhysX] Initialized MultithreadedTaskDispatcher with 16 workers.
[PhysX] Initialized MultithreadedTaskDispatcher with 16 workers.
 -> (artifact id: '5ed2c6e05103d55f6f6f8ff3c61b3b53') in 0.017563 seconds
Number of updated asset objects reloaded before import = 0
Number of asset objects unloaded after import = 3
========================================================================
Received Import Request.
  Time since last request: 0.005449 seconds.
  path: Assets/Tiles/Cyberpunk Street Assets/Assets - 70 DPI (Roll20)/Cardboard 3 - 2x1.png
  artifactKey: Guid(22a2f309ee869c14f9bff66c48338ca7) Importer(815301076,1909f56bfc062723c751e8b465ee728b)
Start importing Assets/Tiles/Cyberpunk Street Assets/Assets - 70 DPI (Roll20)/Cardboard 3 - 2x1.png using Guid(22a2f309ee869c14f9bff66c48338ca7) Importer(815301076,1909f56bfc062723c751e8b465ee728b) [PhysX] Initialized MultithreadedTaskDispatcher with 16 workers.
[PhysX] Initialized MultithreadedTaskDispatcher with 16 workers.
 -> (artifact id: '9a59ea452b7b98520fb05092a1398937') in 0.022968 seconds
Number of updated asset objects reloaded before import = 0
Number of asset objects unloaded after import = 3
========================================================================
Received Import Request.
  Time since last request: 1.652513 seconds.
  path: Assets/Tiles/Cyberpunk Street Assets/Assets - 70 DPI (Roll20)/Cinder block - 1x1.png
  artifactKey: Guid(2ef270b85ecb46c4c9c4c56653f5dd55) Importer(815301076,1909f56bfc062723c751e8b465ee728b)
Start importing Assets/Tiles/Cyberpunk Street Assets/Assets - 70 DPI (Roll20)/Cinder block - 1x1.png using Guid(2ef270b85ecb46c4c9c4c56653f5dd55) Importer(815301076,1909f56bfc062723c751e8b465ee728b) [PhysX] Initialized MultithreadedTaskDispatcher with 16 workers.
[PhysX] Initialized MultithreadedTaskDispatcher with 16 workers.
 -> (artifact id: '10b4ecd3be9b5de7d5b92f0b9a6f1298') in 0.016806 seconds
Number of updated asset objects reloaded before import = 0
Number of asset objects unloaded after import = 3
========================================================================
Received Import Request.
  Time since last request: 0.006036 seconds.
  path: Assets/Tiles/Cyberpunk Street Assets/Assets - 70 DPI (Roll20)/Concrete ledge - 6x1.png
  artifactKey: Guid(6e2cbcdecbf809143b2c8249e417c34e) Importer(815301076,1909f56bfc062723c751e8b465ee728b)
Start importing Assets/Tiles/Cyberpunk Street Assets/Assets - 70 DPI (Roll20)/Concrete ledge - 6x1.png using Guid(6e2cbcdecbf809143b2c8249e417c34e) Importer(815301076,1909f56bfc062723c751e8b465ee728b) [PhysX] Initialized MultithreadedTaskDispatcher with 16 workers.
[PhysX] Initialized MultithreadedTaskDispatcher with 16 workers.
 -> (artifact id: '870cbf534721b6c2c8c5d6df1c8b87de') in 0.017947 seconds
Number of updated asset objects reloaded before import = 0
Number of asset objects unloaded after import = 3
========================================================================
Received Import Request.
  Time since last request: 0.006552 seconds.
  path: Assets/Tiles/Cyberpunk Street Assets/Assets - 70 DPI (Roll20)/Corrugated sheet 1 - 3x2.png
  artifactKey: Guid(b96c65a359c517e44b277f9eb453229e) Importer(815301076,1909f56bfc062723c751e8b465ee728b)
Start importing Assets/Tiles/Cyberpunk Street Assets/Assets - 70 DPI (Roll20)/Corrugated sheet 1 - 3x2.png using Guid(b96c65a359c517e44b277f9eb453229e) Importer(815301076,1909f56bfc062723c751e8b465ee728b) [PhysX] Initialized MultithreadedTaskDispatcher with 16 workers.
[PhysX] Initialized MultithreadedTaskDispatcher with 16 workers.
 -> (artifact id: '88ae824b42041f8e9677a2faf2898650') in 0.017939 seconds
Number of updated asset objects reloaded before import = 0
Number of asset objects unloaded after import = 3
========================================================================
Received Import Request.
  Time since last request: 0.052507 seconds.
  path: Assets/Tiles/Cyberpunk Street Assets/Assets - 70 DPI (Roll20)/Corrugated sheet 2 - Orange - 3x2.png
  artifactKey: Guid(ebeee60d0206e994e88452da9006a492) Importer(815301076,1909f56bfc062723c751e8b465ee728b)
Start importing Assets/Tiles/Cyberpunk Street Assets/Assets - 70 DPI (Roll20)/Corrugated sheet 2 - Orange - 3x2.png using Guid(ebeee60d0206e994e88452da9006a492) Importer(815301076,1909f56bfc062723c751e8b465ee728b) [PhysX] Initialized MultithreadedTaskDispatcher with 16 workers.
[PhysX] Initialized MultithreadedTaskDispatcher with 16 workers.
 -> (artifact id: '1053c458a36e3f92ff25d98dda997377') in 0.016809 seconds
Number of updated asset objects reloaded before import = 0
Number of asset objects unloaded after import = 3
========================================================================
Received Import Request.
  Time since last request: 0.005597 seconds.
  path: Assets/Tiles/Cyberpunk Street Assets/Assets - 70 DPI (Roll20)/Corrugated sheet 3 - Orange - 2x1.png
  artifactKey: Guid(e4e52fd584a65fe44a191752135288b2) Importer(815301076,1909f56bfc062723c751e8b465ee728b)
Start importing Assets/Tiles/Cyberpunk Street Assets/Assets - 70 DPI (Roll20)/Corrugated sheet 3 - Orange - 2x1.png using Guid(e4e52fd584a65fe44a191752135288b2) Importer(815301076,1909f56bfc062723c751e8b465ee728b) [PhysX] Initialized MultithreadedTaskDispatcher with 16 workers.
[PhysX] Initialized MultithreadedTaskDispatcher with 16 workers.
 -> (artifact id: 'f8ba97168f7470398821e03658e7053b') in 0.017336 seconds
Number of updated asset objects reloaded before import = 0
Number of asset objects unloaded after import = 3
========================================================================
Received Import Request.
  Time since last request: 0.007175 seconds.
  path: Assets/Tiles/Cyberpunk Street Assets/Assets - 70 DPI (Roll20)/Corrugated sheets - Orange - 2x2.png
  artifactKey: Guid(9966c208443a124479b753f8fb75b76a) Importer(815301076,1909f56bfc062723c751e8b465ee728b)
Start importing Assets/Tiles/Cyberpunk Street Assets/Assets - 70 DPI (Roll20)/Corrugated sheets - Orange - 2x2.png using Guid(9966c208443a124479b753f8fb75b76a) Importer(815301076,1909f56bfc062723c751e8b465ee728b) [PhysX] Initialized MultithreadedTaskDispatcher with 16 workers.
[PhysX] Initialized MultithreadedTaskDispatcher with 16 workers.
 -> (artifact id: 'a47a5693bc3f626e9a6f13c3cf8d6d75') in 0.017032 seconds
Number of updated asset objects reloaded before import = 0
Number of asset objects unloaded after import = 3
========================================================================
Received Import Request.
  Time since last request: 0.005846 seconds.
  path: Assets/Tiles/Cyberpunk Street Assets/Assets - 70 DPI (Roll20)/Cracked floor - 3x2.png
  artifactKey: Guid(ff8a375030850e841b48b8e5b12d3928) Importer(815301076,1909f56bfc062723c751e8b465ee728b)
Start importing Assets/Tiles/Cyberpunk Street Assets/Assets - 70 DPI (Roll20)/Cracked floor - 3x2.png using Guid(ff8a375030850e841b48b8e5b12d3928) Importer(815301076,1909f56bfc062723c751e8b465ee728b) [PhysX] Initialized MultithreadedTaskDispatcher with 16 workers.
[PhysX] Initialized MultithreadedTaskDispatcher with 16 workers.
 -> (artifact id: '7e51d3dedc94a5d9d951979fff054f12') in 0.016983 seconds
Number of updated asset objects reloaded before import = 0
Number of asset objects unloaded after import = 3
========================================================================
Received Import Request.
  Time since last request: 0.006351 seconds.
  path: Assets/Tiles/Cyberpunk Street Assets/Assets - 70 DPI (Roll20)/Crate 1 - Orange - 1x1.png
  artifactKey: Guid(56ccfd8643ebc14449c44445e84d826d) Importer(815301076,1909f56bfc062723c751e8b465ee728b)
Start importing Assets/Tiles/Cyberpunk Street Assets/Assets - 70 DPI (Roll20)/Crate 1 - Orange - 1x1.png using Guid(56ccfd8643ebc14449c44445e84d826d) Importer(815301076,1909f56bfc062723c751e8b465ee728b) [PhysX] Initialized MultithreadedTaskDispatcher with 16 workers.
[PhysX] Initialized MultithreadedTaskDispatcher with 16 workers.
 -> (artifact id: '4b318e2adb4089b2a5c3edaa8cdbc5a4') in 0.015711 seconds
Number of updated asset objects reloaded before import = 0
Number of asset objects unloaded after import = 3
========================================================================
Received Import Request.
  Time since last request: 0.006264 seconds.
  path: Assets/Tiles/Cyberpunk Street Assets/Assets - 70 DPI (Roll20)/Crates 1 - Orange - 2x1.png
  artifactKey: Guid(fa38f3641f46e634184421d84ac9eb5c) Importer(815301076,1909f56bfc062723c751e8b465ee728b)
Start importing Assets/Tiles/Cyberpunk Street Assets/Assets - 70 DPI (Roll20)/Crates 1 - Orange - 2x1.png using Guid(fa38f3641f46e634184421d84ac9eb5c) Importer(815301076,1909f56bfc062723c751e8b465ee728b) [PhysX] Initialized MultithreadedTaskDispatcher with 16 workers.
[PhysX] Initialized MultithreadedTaskDispatcher with 16 workers.
 -> (artifact id: 'b8dea49fea14ca4a5aabebb4c213de7c') in 0.016281 seconds
Number of updated asset objects reloaded before import = 0
Number of asset objects unloaded after import = 3
========================================================================
Received Import Request.
  Time since last request: 0.005523 seconds.
  path: Assets/Tiles/Cyberpunk Street Assets/Assets - 70 DPI (Roll20)/Crates 2 - Orange - 1x1.png
  artifactKey: Guid(732db90bc70d6a54598473b1cad2c19c) Importer(815301076,1909f56bfc062723c751e8b465ee728b)
Start importing Assets/Tiles/Cyberpunk Street Assets/Assets - 70 DPI (Roll20)/Crates 2 - Orange - 1x1.png using Guid(732db90bc70d6a54598473b1cad2c19c) Importer(815301076,1909f56bfc062723c751e8b465ee728b) [PhysX] Initialized MultithreadedTaskDispatcher with 16 workers.
[PhysX] Initialized MultithreadedTaskDispatcher with 16 workers.
 -> (artifact id: 'cda3343a931f3a8284e76f74b9e30c7f') in 0.023213 seconds
Number of updated asset objects reloaded before import = 0
Number of asset objects unloaded after import = 3
========================================================================
Received Import Request.
  Time since last request: 0.397779 seconds.
  path: Assets/Tiles/Cyberpunk Street Assets/Assets - 70 DPI (Roll20)/Crime scene body bag - 1x2.png
  artifactKey: Guid(d77c549cdff7a4c4ab5e6b559c39f541) Importer(815301076,1909f56bfc062723c751e8b465ee728b)
Start importing Assets/Tiles/Cyberpunk Street Assets/Assets - 70 DPI (Roll20)/Crime scene body bag - 1x2.png using Guid(d77c549cdff7a4c4ab5e6b559c39f541) Importer(815301076,1909f56bfc062723c751e8b465ee728b) [PhysX] Initialized MultithreadedTaskDispatcher with 16 workers.
[PhysX] Initialized MultithreadedTaskDispatcher with 16 workers.
 -> (artifact id: '19fa12d9c5ea6791f0f90ddf2505ced3') in 0.016781 seconds
Number of updated asset objects reloaded before import = 0
Number of asset objects unloaded after import = 3
========================================================================
Received Import Request.
  Time since last request: 0.006037 seconds.
  path: Assets/Tiles/Cyberpunk Street Assets/Assets - 70 DPI (Roll20)/Crushed boxes 2 - 1x1.png
  artifactKey: Guid(8b528147481c9d3478cc5a074f3e2322) Importer(815301076,1909f56bfc062723c751e8b465ee728b)
Start importing Assets/Tiles/Cyberpunk Street Assets/Assets - 70 DPI (Roll20)/Crushed boxes 2 - 1x1.png using Guid(8b528147481c9d3478cc5a074f3e2322) Importer(815301076,1909f56bfc062723c751e8b465ee728b) [PhysX] Initialized MultithreadedTaskDispatcher with 16 workers.
[PhysX] Initialized MultithreadedTaskDispatcher with 16 workers.
 -> (artifact id: 'ae37cd6b084b37ad653b0c2fb0777507') in 0.016482 seconds
Number of updated asset objects reloaded before import = 0
Number of asset objects unloaded after import = 3
========================================================================
Received Import Request.
  Time since last request: 0.006782 seconds.
  path: Assets/Tiles/Cyberpunk Street Assets/Assets - 70 DPI (Roll20)/Dumpster 1 - Orange - 2x2.png
  artifactKey: Guid(28d6efd143da1ad49ac7754ea7d8b199) Importer(815301076,1909f56bfc062723c751e8b465ee728b)
Start importing Assets/Tiles/Cyberpunk Street Assets/Assets - 70 DPI (Roll20)/Dumpster 1 - Orange - 2x2.png using Guid(28d6efd143da1ad49ac7754ea7d8b199) Importer(815301076,1909f56bfc062723c751e8b465ee728b) [PhysX] Initialized MultithreadedTaskDispatcher with 16 workers.
[PhysX] Initialized MultithreadedTaskDispatcher with 16 workers.
 -> (artifact id: '8b6fd754af0f52c1d64b72b63f996925') in 0.017073 seconds
Number of updated asset objects reloaded before import = 0
Number of asset objects unloaded after import = 3
========================================================================
Received Import Request.
  Time since last request: 0.053296 seconds.
  path: Assets/Tiles/Cyberpunk Street Assets/Assets - 70 DPI (Roll20)/Dumpster 3 - Blue - 2x2.png
  artifactKey: Guid(25840e5121040754cb205f8c1f4c9fa0) Importer(815301076,1909f56bfc062723c751e8b465ee728b)
Start importing Assets/Tiles/Cyberpunk Street Assets/Assets - 70 DPI (Roll20)/Dumpster 3 - Blue - 2x2.png using Guid(25840e5121040754cb205f8c1f4c9fa0) Importer(815301076,1909f56bfc062723c751e8b465ee728b) [PhysX] Initialized MultithreadedTaskDispatcher with 16 workers.
[PhysX] Initialized MultithreadedTaskDispatcher with 16 workers.
 -> (artifact id: '90721f61e4c1a170a3e49e231cb5b31c') in 0.017539 seconds
Number of updated asset objects reloaded before import = 0
Number of asset objects unloaded after import = 3
========================================================================
Received Import Request.
  Time since last request: 0.005824 seconds.
  path: Assets/Tiles/Cyberpunk Street Assets/Assets - 70 DPI (Roll20)/Dumpster 4 - Blue - 2x1.png
  artifactKey: Guid(03d9093cf29700241be13c1e036a12fa) Importer(815301076,1909f56bfc062723c751e8b465ee728b)
Start importing Assets/Tiles/Cyberpunk Street Assets/Assets - 70 DPI (Roll20)/Dumpster 4 - Blue - 2x1.png using Guid(03d9093cf29700241be13c1e036a12fa) Importer(815301076,1909f56bfc062723c751e8b465ee728b) [PhysX] Initialized MultithreadedTaskDispatcher with 16 workers.
[PhysX] Initialized MultithreadedTaskDispatcher with 16 workers.
 -> (artifact id: 'f76b665a95c48ad5daec74110b508a10') in 0.016339 seconds
Number of updated asset objects reloaded before import = 0
Number of asset objects unloaded after import = 3
========================================================================
Received Import Request.
  Time since last request: 0.006585 seconds.
  path: Assets/Tiles/Cyberpunk Street Assets/Assets - 70 DPI (Roll20)/Fence 1 - Post - 1x1.png
  artifactKey: Guid(0420c91c2a9d5b34984772be8f82b9c5) Importer(815301076,1909f56bfc062723c751e8b465ee728b)
Start importing Assets/Tiles/Cyberpunk Street Assets/Assets - 70 DPI (Roll20)/Fence 1 - Post - 1x1.png using Guid(0420c91c2a9d5b34984772be8f82b9c5) Importer(815301076,1909f56bfc062723c751e8b465ee728b) [PhysX] Initialized MultithreadedTaskDispatcher with 16 workers.
[PhysX] Initialized MultithreadedTaskDispatcher with 16 workers.
 -> (artifact id: '90968a95799ae3e5158cf38f714f4d0c') in 0.016556 seconds
Number of updated asset objects reloaded before import = 0
Number of asset objects unloaded after import = 3
========================================================================
Received Import Request.
  Time since last request: 0.519775 seconds.
  path: Assets/Tiles/Cyberpunk Street Assets/Assets - 70 DPI (Roll20)/Fence 4 - Blue - 1x1.png
  artifactKey: Guid(42dcb1252f07d7d48be72a687ca9d453) Importer(815301076,1909f56bfc062723c751e8b465ee728b)
Start importing Assets/Tiles/Cyberpunk Street Assets/Assets - 70 DPI (Roll20)/Fence 4 - Blue - 1x1.png using Guid(42dcb1252f07d7d48be72a687ca9d453) Importer(815301076,1909f56bfc062723c751e8b465ee728b) [PhysX] Initialized MultithreadedTaskDispatcher with 16 workers.
[PhysX] Initialized MultithreadedTaskDispatcher with 16 workers.
 -> (artifact id: 'a44c54981c4bc0645a94e492737fbb44') in 0.016775 seconds
Number of updated asset objects reloaded before import = 0
Number of asset objects unloaded after import = 3
========================================================================
Received Import Request.
  Time since last request: 0.005281 seconds.
  path: Assets/Tiles/Cyberpunk Street Assets/Assets - 70 DPI (Roll20)/Fence 4 - Post - Blue - 1x1.png
  artifactKey: Guid(1dcabc5553b3e074bbd86f7239de8114) Importer(815301076,1909f56bfc062723c751e8b465ee728b)
Start importing Assets/Tiles/Cyberpunk Street Assets/Assets - 70 DPI (Roll20)/Fence 4 - Post - Blue - 1x1.png using Guid(1dcabc5553b3e074bbd86f7239de8114) Importer(815301076,1909f56bfc062723c751e8b465ee728b) [PhysX] Initialized MultithreadedTaskDispatcher with 16 workers.
[PhysX] Initialized MultithreadedTaskDispatcher with 16 workers.
 -> (artifact id: '45222c49c03e71e85309e055f359dbaa') in 0.016702 seconds
Number of updated asset objects reloaded before import = 0
Number of asset objects unloaded after import = 3
========================================================================
Received Import Request.
  Time since last request: 0.005715 seconds.
  path: Assets/Tiles/Cyberpunk Street Assets/Assets - 70 DPI (Roll20)/Fire hydrant - Orange - 1x1.png
  artifactKey: Guid(79d3cba2c9c94a5478dac9018a2abe31) Importer(815301076,1909f56bfc062723c751e8b465ee728b)
Start importing Assets/Tiles/Cyberpunk Street Assets/Assets - 70 DPI (Roll20)/Fire hydrant - Orange - 1x1.png using Guid(79d3cba2c9c94a5478dac9018a2abe31) Importer(815301076,1909f56bfc062723c751e8b465ee728b) [PhysX] Initialized MultithreadedTaskDispatcher with 16 workers.
[PhysX] Initialized MultithreadedTaskDispatcher with 16 workers.
 -> (artifact id: '1092fa94c9bcc26573860768a4daf615') in 0.016635 seconds
Number of updated asset objects reloaded before import = 0
Number of asset objects unloaded after import = 3
========================================================================
Received Import Request.
  Time since last request: 0.581588 seconds.
  path: Assets/Tiles/Cyberpunk Street Assets/Assets - 70 DPI (Roll20)/Hologram 2 - 1x1.png
  artifactKey: Guid(fcb4f739b1f0dde459fbcae5c81d3199) Importer(815301076,1909f56bfc062723c751e8b465ee728b)
Start importing Assets/Tiles/Cyberpunk Street Assets/Assets - 70 DPI (Roll20)/Hologram 2 - 1x1.png using Guid(fcb4f739b1f0dde459fbcae5c81d3199) Importer(815301076,1909f56bfc062723c751e8b465ee728b) [PhysX] Initialized MultithreadedTaskDispatcher with 16 workers.
[PhysX] Initialized MultithreadedTaskDispatcher with 16 workers.
 -> (artifact id: '204f488694d000859cb5e20e74fdea0f') in 0.017005 seconds
Number of updated asset objects reloaded before import = 0
Number of asset objects unloaded after import = 3
========================================================================
Received Import Request.
  Time since last request: 0.006731 seconds.
  path: Assets/Tiles/Cyberpunk Street Assets/Assets - 70 DPI (Roll20)/Holographic tape projector - 1x1.png
  artifactKey: Guid(2f7fbeb725532894fac5f1e20f061ed9) Importer(815301076,1909f56bfc062723c751e8b465ee728b)
Start importing Assets/Tiles/Cyberpunk Street Assets/Assets - 70 DPI (Roll20)/Holographic tape projector - 1x1.png using Guid(2f7fbeb725532894fac5f1e20f061ed9) Importer(815301076,1909f56bfc062723c751e8b465ee728b) [PhysX] Initialized MultithreadedTaskDispatcher with 16 workers.
[PhysX] Initialized MultithreadedTaskDispatcher with 16 workers.
 -> (artifact id: 'e5a2024e0b746fa99c8306551b4d98af') in 0.016273 seconds
Number of updated asset objects reloaded before import = 0
Number of asset objects unloaded after import = 3
========================================================================
Received Import Request.
  Time since last request: 0.005262 seconds.
  path: Assets/Tiles/Cyberpunk Street Assets/Assets - 70 DPI (Roll20)/Merchant stall 1 - 3x2.png
  artifactKey: Guid(b3feee89830649847938e444041b2b0f) Importer(815301076,1909f56bfc062723c751e8b465ee728b)
Start importing Assets/Tiles/Cyberpunk Street Assets/Assets - 70 DPI (Roll20)/Merchant stall 1 - 3x2.png using Guid(b3feee89830649847938e444041b2b0f) Importer(815301076,1909f56bfc062723c751e8b465ee728b) [PhysX] Initialized MultithreadedTaskDispatcher with 16 workers.
[PhysX] Initialized MultithreadedTaskDispatcher with 16 workers.
 -> (artifact id: '949e4d722602e1f93530b189630abd33') in 0.016890 seconds
Number of updated asset objects reloaded before import = 0
Number of asset objects unloaded after import = 3
========================================================================
Received Import Request.
  Time since last request: 0.809492 seconds.
  path: Assets/Tiles/Cyberpunk Street Assets/Assets - 70 DPI (Roll20)/Merchant stall 2 - Orange - 3x2.png
  artifactKey: Guid(90a8181b3bb3864438d0b0d629b89500) Importer(815301076,1909f56bfc062723c751e8b465ee728b)
Start importing Assets/Tiles/Cyberpunk Street Assets/Assets - 70 DPI (Roll20)/Merchant stall 2 - Orange - 3x2.png using Guid(90a8181b3bb3864438d0b0d629b89500) Importer(815301076,1909f56bfc062723c751e8b465ee728b) [PhysX] Initialized MultithreadedTaskDispatcher with 16 workers.
[PhysX] Initialized MultithreadedTaskDispatcher with 16 workers.
 -> (artifact id: '8405c8bf739189bb87c2a3475a9526c6') in 0.016910 seconds
Number of updated asset objects reloaded before import = 0
Number of asset objects unloaded after import = 3
========================================================================
Received Import Request.
  Time since last request: 0.006252 seconds.
  path: Assets/Tiles/Cyberpunk Street Assets/Assets - 70 DPI (Roll20)/Overgrowth 1 - 2x1.png
  artifactKey: Guid(5dc2296dc611a1445b8d0194dfd08619) Importer(815301076,1909f56bfc062723c751e8b465ee728b)
Start importing Assets/Tiles/Cyberpunk Street Assets/Assets - 70 DPI (Roll20)/Overgrowth 1 - 2x1.png using Guid(5dc2296dc611a1445b8d0194dfd08619) Importer(815301076,1909f56bfc062723c751e8b465ee728b) [PhysX] Initialized MultithreadedTaskDispatcher with 16 workers.
[PhysX] Initialized MultithreadedTaskDispatcher with 16 workers.
 -> (artifact id: 'ceb575618c59e1618719abc6217b1608') in 0.017299 seconds
Number of updated asset objects reloaded before import = 0
Number of asset objects unloaded after import = 3
========================================================================
Received Import Request.
  Time since last request: 0.006193 seconds.
  path: Assets/Tiles/Cyberpunk Street Assets/Assets - 70 DPI (Roll20)/Paint spatter 2 - 1x1.png
  artifactKey: Guid(9792a1b87e361f748af5078b7018e9db) Importer(815301076,1909f56bfc062723c751e8b465ee728b)
Start importing Assets/Tiles/Cyberpunk Street Assets/Assets - 70 DPI (Roll20)/Paint spatter 2 - 1x1.png using Guid(9792a1b87e361f748af5078b7018e9db) Importer(815301076,1909f56bfc062723c751e8b465ee728b) [PhysX] Initialized MultithreadedTaskDispatcher with 16 workers.
[PhysX] Initialized MultithreadedTaskDispatcher with 16 workers.
 -> (artifact id: 'be04388fb49bcfdccbcabfda9b36a762') in 0.016251 seconds
Number of updated asset objects reloaded before import = 0
Number of asset objects unloaded after import = 3
========================================================================
Received Import Request.
  Time since last request: 0.051045 seconds.
  path: Assets/Tiles/Cyberpunk Street Assets/Assets - 70 DPI (Roll20)/Painted Simba - 1x1.png
  artifactKey: Guid(41683ab9ce033de4d8012016e9f169ce) Importer(815301076,1909f56bfc062723c751e8b465ee728b)
Start importing Assets/Tiles/Cyberpunk Street Assets/Assets - 70 DPI (Roll20)/Painted Simba - 1x1.png using Guid(41683ab9ce033de4d8012016e9f169ce) Importer(815301076,1909f56bfc062723c751e8b465ee728b) [PhysX] Initialized MultithreadedTaskDispatcher with 16 workers.
[PhysX] Initialized MultithreadedTaskDispatcher with 16 workers.
 -> (artifact id: '51836fe8b2f1baf25d151fe62cd875b2') in 0.015661 seconds
Number of updated asset objects reloaded before import = 0
Number of asset objects unloaded after import = 3
========================================================================
Received Import Request.
  Time since last request: 0.005865 seconds.
  path: Assets/Tiles/Cyberpunk Street Assets/Assets - 70 DPI (Roll20)/Paper litter - 1x1.png
  artifactKey: Guid(6935437669884674abddd0f2a7a3db3f) Importer(815301076,1909f56bfc062723c751e8b465ee728b)
Start importing Assets/Tiles/Cyberpunk Street Assets/Assets - 70 DPI (Roll20)/Paper litter - 1x1.png using Guid(6935437669884674abddd0f2a7a3db3f) Importer(815301076,1909f56bfc062723c751e8b465ee728b) [PhysX] Initialized MultithreadedTaskDispatcher with 16 workers.
[PhysX] Initialized MultithreadedTaskDispatcher with 16 workers.
 -> (artifact id: '64ef19d06bb8f0e288018bd2fb27274b') in 0.017608 seconds
Number of updated asset objects reloaded before import = 0
Number of asset objects unloaded after import = 3
========================================================================
Received Import Request.
  Time since last request: 0.006807 seconds.
  path: Assets/Tiles/Cyberpunk Street Assets/Assets - 70 DPI (Roll20)/Potted plant 1 - 1x1.png
  artifactKey: Guid(916953d7afad00a459c22598b1bcee15) Importer(815301076,1909f56bfc062723c751e8b465ee728b)
Start importing Assets/Tiles/Cyberpunk Street Assets/Assets - 70 DPI (Roll20)/Potted plant 1 - 1x1.png using Guid(916953d7afad00a459c22598b1bcee15) Importer(815301076,1909f56bfc062723c751e8b465ee728b) [PhysX] Initialized MultithreadedTaskDispatcher with 16 workers.
[PhysX] Initialized MultithreadedTaskDispatcher with 16 workers.
 -> (artifact id: '59af594c68e4d8c98947d1fbf71488f8') in 0.018248 seconds
Number of updated asset objects reloaded before import = 0
Number of asset objects unloaded after import = 3
========================================================================
Received Import Request.
  Time since last request: 0.208717 seconds.
  path: Assets/Tiles/Cyberpunk Street Assets/Assets - 70 DPI (Roll20)/Pylon - Blue - 3x1.png
  artifactKey: Guid(26be10ebe68e2b34798432ef41447f76) Importer(815301076,1909f56bfc062723c751e8b465ee728b)
Start importing Assets/Tiles/Cyberpunk Street Assets/Assets - 70 DPI (Roll20)/Pylon - Blue - 3x1.png using Guid(26be10ebe68e2b34798432ef41447f76) Importer(815301076,1909f56bfc062723c751e8b465ee728b) [PhysX] Initialized MultithreadedTaskDispatcher with 16 workers.
[PhysX] Initialized MultithreadedTaskDispatcher with 16 workers.
 -> (artifact id: '59762c1d6b268996a8ca6720bb21e445') in 0.017013 seconds
Number of updated asset objects reloaded before import = 0
Number of asset objects unloaded after import = 3
========================================================================
Received Import Request.
  Time since last request: 0.005995 seconds.
  path: Assets/Tiles/Cyberpunk Street Assets/Assets - 70 DPI (Roll20)/Satelite dishes - 2x1.png
  artifactKey: Guid(066beaa9fedcfa74aba308cfed9cfa23) Importer(815301076,1909f56bfc062723c751e8b465ee728b)
Start importing Assets/Tiles/Cyberpunk Street Assets/Assets - 70 DPI (Roll20)/Satelite dishes - 2x1.png using Guid(066beaa9fedcfa74aba308cfed9cfa23) Importer(815301076,1909f56bfc062723c751e8b465ee728b) [PhysX] Initialized MultithreadedTaskDispatcher with 16 workers.
[PhysX] Initialized MultithreadedTaskDispatcher with 16 workers.
 -> (artifact id: '71b8759f24e15667c792b17ee5d3a459') in 0.016230 seconds
Number of updated asset objects reloaded before import = 0
Number of asset objects unloaded after import = 3
========================================================================
Received Import Request.
  Time since last request: 0.005726 seconds.
  path: Assets/Tiles/Cyberpunk Street Assets/Assets - 70 DPI (Roll20)/Screen 2 - Red - 2x1.png
  artifactKey: Guid(bb3a00e41db6fc94794b466eed39d133) Importer(815301076,1909f56bfc062723c751e8b465ee728b)
Start importing Assets/Tiles/Cyberpunk Street Assets/Assets - 70 DPI (Roll20)/Screen 2 - Red - 2x1.png using Guid(bb3a00e41db6fc94794b466eed39d133) Importer(815301076,1909f56bfc062723c751e8b465ee728b) [PhysX] Initialized MultithreadedTaskDispatcher with 16 workers.
[PhysX] Initialized MultithreadedTaskDispatcher with 16 workers.
 -> (artifact id: 'f3259079aa06c3a9aa1d7b817593c4a8') in 0.017354 seconds
Number of updated asset objects reloaded before import = 0
Number of asset objects unloaded after import = 3
========================================================================
Received Import Request.
  Time since last request: 0.044384 seconds.
  path: Assets/Tiles/Cyberpunk Street Assets/Assets - 70 DPI (Roll20)/Screen billboard - Yellow - 3x1.png
  artifactKey: Guid(b8ee229995ea44146a839cdd95a636d4) Importer(815301076,1909f56bfc062723c751e8b465ee728b)
Start importing Assets/Tiles/Cyberpunk Street Assets/Assets - 70 DPI (Roll20)/Screen billboard - Yellow - 3x1.png using Guid(b8ee229995ea44146a839cdd95a636d4) Importer(815301076,1909f56bfc062723c751e8b465ee728b) [PhysX] Initialized MultithreadedTaskDispatcher with 16 workers.
[PhysX] Initialized MultithreadedTaskDispatcher with 16 workers.
 -> (artifact id: 'e0218431d08e8ebdda8d41e04ae36faf') in 0.016112 seconds
Number of updated asset objects reloaded before import = 0
Number of asset objects unloaded after import = 3
========================================================================
Received Import Request.
  Time since last request: 0.005980 seconds.
  path: Assets/Tiles/Cyberpunk Street Assets/Assets - 70 DPI (Roll20)/Sign - Red - 1x1.png
  artifactKey: Guid(89054f93266ee6049851dab949be7b08) Importer(815301076,1909f56bfc062723c751e8b465ee728b)
Start importing Assets/Tiles/Cyberpunk Street Assets/Assets - 70 DPI (Roll20)/Sign - Red - 1x1.png using Guid(89054f93266ee6049851dab949be7b08) Importer(815301076,1909f56bfc062723c751e8b465ee728b) [PhysX] Initialized MultithreadedTaskDispatcher with 16 workers.
[PhysX] Initialized MultithreadedTaskDispatcher with 16 workers.
 -> (artifact id: '098dc472a64c3441c306ff3df3eba3a8') in 0.015906 seconds
Number of updated asset objects reloaded before import = 0
Number of asset objects unloaded after import = 3
========================================================================
Received Import Request.
  Time since last request: 0.006222 seconds.
  path: Assets/Tiles/Cyberpunk Street Assets/Assets - 70 DPI (Roll20)/Standing lamp 1 - 1x1.png
  artifactKey: Guid(4cbe8e987e375c446821b857ab6d7676) Importer(815301076,1909f56bfc062723c751e8b465ee728b)
Start importing Assets/Tiles/Cyberpunk Street Assets/Assets - 70 DPI (Roll20)/Standing lamp 1 - 1x1.png using Guid(4cbe8e987e375c446821b857ab6d7676) Importer(815301076,1909f56bfc062723c751e8b465ee728b) [PhysX] Initialized MultithreadedTaskDispatcher with 16 workers.
[PhysX] Initialized MultithreadedTaskDispatcher with 16 workers.
 -> (artifact id: '4c323e4e9a356f427d6d3ad57808147c') in 0.017430 seconds
Number of updated asset objects reloaded before import = 0
Number of asset objects unloaded after import = 3
========================================================================
Received Import Request.
  Time since last request: 0.006167 seconds.
  path: Assets/Tiles/Cyberpunk Street Assets/Assets - 70 DPI (Roll20)/Street light 2 - 2x1.png
  artifactKey: Guid(e18c1e9d1c693e048b1610a2f16072f3) Importer(815301076,1909f56bfc062723c751e8b465ee728b)
Start importing Assets/Tiles/Cyberpunk Street Assets/Assets - 70 DPI (Roll20)/Street light 2 - 2x1.png using Guid(e18c1e9d1c693e048b1610a2f16072f3) Importer(815301076,1909f56bfc062723c751e8b465ee728b) [PhysX] Initialized MultithreadedTaskDispatcher with 16 workers.
[PhysX] Initialized MultithreadedTaskDispatcher with 16 workers.
 -> (artifact id: '9367a2e82b15c1fda98fd579a05f1fba') in 0.017251 seconds
Number of updated asset objects reloaded before import = 0
Number of asset objects unloaded after import = 3
========================================================================
Received Import Request.
  Time since last request: 0.005577 seconds.
  path: Assets/Tiles/Cyberpunk Street Assets/Assets - 70 DPI (Roll20)/Street sign - Orange - 1x1.png
  artifactKey: Guid(318af3f80be416d41bf27ca01c1f3d98) Importer(815301076,1909f56bfc062723c751e8b465ee728b)
Start importing Assets/Tiles/Cyberpunk Street Assets/Assets - 70 DPI (Roll20)/Street sign - Orange - 1x1.png using Guid(318af3f80be416d41bf27ca01c1f3d98) Importer(815301076,1909f56bfc062723c751e8b465ee728b) [PhysX] Initialized MultithreadedTaskDispatcher with 16 workers.
[PhysX] Initialized MultithreadedTaskDispatcher with 16 workers.
 -> (artifact id: '5821837febc62d69fa54aa40bc4e0c1d') in 0.017461 seconds
Number of updated asset objects reloaded before import = 0
Number of asset objects unloaded after import = 3
========================================================================
Received Import Request.
  Time since last request: 0.006776 seconds.
  path: Assets/Tiles/Cyberpunk Street Assets/Assets - 70 DPI (Roll20)/Subway stairway - Orange - 2x3.png
  artifactKey: Guid(e213056d92c849f468835304507eb29a) Importer(815301076,1909f56bfc062723c751e8b465ee728b)
Start importing Assets/Tiles/Cyberpunk Street Assets/Assets - 70 DPI (Roll20)/Subway stairway - Orange - 2x3.png using Guid(e213056d92c849f468835304507eb29a) Importer(815301076,1909f56bfc062723c751e8b465ee728b) [PhysX] Initialized MultithreadedTaskDispatcher with 16 workers.
[PhysX] Initialized MultithreadedTaskDispatcher with 16 workers.
 -> (artifact id: 'e7338f70faf5ebcb73202e1b97d01f04') in 0.017136 seconds
Number of updated asset objects reloaded before import = 0
Number of asset objects unloaded after import = 3
========================================================================
Received Import Request.
  Time since last request: 0.005867 seconds.
  path: Assets/Tiles/Cyberpunk Street Assets/Assets - 70 DPI (Roll20)/Traffic cones - 1x1.png
  artifactKey: Guid(c6e959d3a90b83345b51b3eb0dd1bf25) Importer(815301076,1909f56bfc062723c751e8b465ee728b)
Start importing Assets/Tiles/Cyberpunk Street Assets/Assets - 70 DPI (Roll20)/Traffic cones - 1x1.png using Guid(c6e959d3a90b83345b51b3eb0dd1bf25) Importer(815301076,1909f56bfc062723c751e8b465ee728b) [PhysX] Initialized MultithreadedTaskDispatcher with 16 workers.
[PhysX] Initialized MultithreadedTaskDispatcher with 16 workers.
 -> (artifact id: '40d68aec2c43ca637ff165f11c8d563c') in 0.019708 seconds
Number of updated asset objects reloaded before import = 0
Number of asset objects unloaded after import = 3
========================================================================
Received Import Request.
  Time since last request: 0.070572 seconds.
  path: Assets/Tiles/Cyberpunk Street Assets/Assets - 70 DPI (Roll20)/Trash 2 - 1x1.png
  artifactKey: Guid(0d2cca2a633e3f342a8c4b26e90057c3) Importer(815301076,1909f56bfc062723c751e8b465ee728b)
Start importing Assets/Tiles/Cyberpunk Street Assets/Assets - 70 DPI (Roll20)/Trash 2 - 1x1.png using Guid(0d2cca2a633e3f342a8c4b26e90057c3) Importer(815301076,1909f56bfc062723c751e8b465ee728b) [PhysX] Initialized MultithreadedTaskDispatcher with 16 workers.
[PhysX] Initialized MultithreadedTaskDispatcher with 16 workers.
 -> (artifact id: '4a0276b7a6e715ed8e716e51a361bf21') in 0.015848 seconds
Number of updated asset objects reloaded before import = 0
Number of asset objects unloaded after import = 3
========================================================================
Received Import Request.
  Time since last request: 0.007302 seconds.
  path: Assets/Tiles/Cyberpunk Street Assets/Assets - 70 DPI (Roll20)/Trash bags - 2x1.png
  artifactKey: Guid(25ea1f07cffc0364cb1d40f5cf0ed509) Importer(815301076,1909f56bfc062723c751e8b465ee728b)
Start importing Assets/Tiles/Cyberpunk Street Assets/Assets - 70 DPI (Roll20)/Trash bags - 2x1.png using Guid(25ea1f07cffc0364cb1d40f5cf0ed509) Importer(815301076,1909f56bfc062723c751e8b465ee728b) [PhysX] Initialized MultithreadedTaskDispatcher with 16 workers.
[PhysX] Initialized MultithreadedTaskDispatcher with 16 workers.
 -> (artifact id: '7992482952e29cf656e9335ec8732d3a') in 0.017768 seconds
Number of updated asset objects reloaded before import = 0
Number of asset objects unloaded after import = 3
========================================================================
Received Import Request.
  Time since last request: 0.006327 seconds.
  path: Assets/Tiles/Cyberpunk Street Assets/Assets - 70 DPI (Roll20)/Trash bags 2 - 2x2.png
  artifactKey: Guid(47189ed91b49f9643a2921ab993ee123) Importer(815301076,1909f56bfc062723c751e8b465ee728b)
Start importing Assets/Tiles/Cyberpunk Street Assets/Assets - 70 DPI (Roll20)/Trash bags 2 - 2x2.png using Guid(47189ed91b49f9643a2921ab993ee123) Importer(815301076,1909f56bfc062723c751e8b465ee728b) [PhysX] Initialized MultithreadedTaskDispatcher with 16 workers.
[PhysX] Initialized MultithreadedTaskDispatcher with 16 workers.
 -> (artifact id: '26cdd52905f015dc9a6ec1fb3842725a') in 0.020197 seconds
Number of updated asset objects reloaded before import = 0
Number of asset objects unloaded after import = 3
========================================================================
Received Import Request.
  Time since last request: 0.052277 seconds.
  path: Assets/Tiles/Cyberpunk Street Assets/Assets - 70 DPI (Roll20)/Trash cans - Blue - 1x1.png
  artifactKey: Guid(c9be3043bdc33ba45b619696712f5a26) Importer(815301076,1909f56bfc062723c751e8b465ee728b)
Start importing Assets/Tiles/Cyberpunk Street Assets/Assets - 70 DPI (Roll20)/Trash cans - Blue - 1x1.png using Guid(c9be3043bdc33ba45b619696712f5a26) Importer(815301076,1909f56bfc062723c751e8b465ee728b) [PhysX] Initialized MultithreadedTaskDispatcher with 16 workers.
[PhysX] Initialized MultithreadedTaskDispatcher with 16 workers.
 -> (artifact id: '367e3682270c99eb4a5044eb4e1f71f1') in 0.017580 seconds
Number of updated asset objects reloaded before import = 0
Number of asset objects unloaded after import = 3
========================================================================
Received Import Request.
  Time since last request: 0.005807 seconds.
  path: Assets/Tiles/Cyberpunk Street Assets/Assets - 70 DPI (Roll20)/Vending machine 1 - 1x1.png
  artifactKey: Guid(6fd307f5adf2fde428054e7148318af0) Importer(815301076,1909f56bfc062723c751e8b465ee728b)
Start importing Assets/Tiles/Cyberpunk Street Assets/Assets - 70 DPI (Roll20)/Vending machine 1 - 1x1.png using Guid(6fd307f5adf2fde428054e7148318af0) Importer(815301076,1909f56bfc062723c751e8b465ee728b) [PhysX] Initialized MultithreadedTaskDispatcher with 16 workers.
[PhysX] Initialized MultithreadedTaskDispatcher with 16 workers.
 -> (artifact id: '62887bcc270f310a7e47e7c9e652336a') in 0.017327 seconds
Number of updated asset objects reloaded before import = 0
Number of asset objects unloaded after import = 3
========================================================================
Received Import Request.
  Time since last request: 0.005701 seconds.
  path: Assets/Tiles/Cyberpunk Street Assets/Assets - 70 DPI (Roll20)/Vending machine 2 - 1x1.png
  artifactKey: Guid(0080f2808a98c37479de5e3ed2a47806) Importer(815301076,1909f56bfc062723c751e8b465ee728b)
Start importing Assets/Tiles/Cyberpunk Street Assets/Assets - 70 DPI (Roll20)/Vending machine 2 - 1x1.png using Guid(0080f2808a98c37479de5e3ed2a47806) Importer(815301076,1909f56bfc062723c751e8b465ee728b) [PhysX] Initialized MultithreadedTaskDispatcher with 16 workers.
[PhysX] Initialized MultithreadedTaskDispatcher with 16 workers.
 -> (artifact id: '99662ece52a02949f8705c2074540ff4') in 0.018733 seconds
Number of updated asset objects reloaded before import = 0
Number of asset objects unloaded after import = 3
========================================================================
Received Import Request.
  Time since last request: 0.192947 seconds.
  path: Assets/Tiles/Cyberpunk Street Assets/Assets - 70 DPI (Roll20)/Wires 1 - Orange - 3x1.png
  artifactKey: Guid(41e74eb87e0667e45bbe4054fac4163f) Importer(815301076,1909f56bfc062723c751e8b465ee728b)
Start importing Assets/Tiles/Cyberpunk Street Assets/Assets - 70 DPI (Roll20)/Wires 1 - Orange - 3x1.png using Guid(41e74eb87e0667e45bbe4054fac4163f) Importer(815301076,1909f56bfc062723c751e8b465ee728b) [PhysX] Initialized MultithreadedTaskDispatcher with 16 workers.
[PhysX] Initialized MultithreadedTaskDispatcher with 16 workers.
 -> (artifact id: '8a84e80dd17b8d0eddf7c9837f2fbe58') in 0.017553 seconds
Number of updated asset objects reloaded before import = 0
Number of asset objects unloaded after import = 3
========================================================================
Received Import Request.
  Time since last request: 0.006642 seconds.
  path: Assets/Tiles/Cyberpunk Street Assets/Assets - 70 DPI (Roll20)/Wires 2 - Orange - 4x1.png
  artifactKey: Guid(e4e9dc9139129094095c02b6a627dd10) Importer(815301076,1909f56bfc062723c751e8b465ee728b)
Start importing Assets/Tiles/Cyberpunk Street Assets/Assets - 70 DPI (Roll20)/Wires 2 - Orange - 4x1.png using Guid(e4e9dc9139129094095c02b6a627dd10) Importer(815301076,1909f56bfc062723c751e8b465ee728b) [PhysX] Initialized MultithreadedTaskDispatcher with 16 workers.
[PhysX] Initialized MultithreadedTaskDispatcher with 16 workers.
 -> (artifact id: 'd6645f8885ef2fb64059231c00f1b81c') in 0.025457 seconds
Number of updated asset objects reloaded before import = 0
Number of asset objects unloaded after import = 3
========================================================================
Received Prepare
Caller must complete domain reload
Begin MonoManager ReloadAssembly
- Loaded All Assemblies, in  0.450 seconds
Native extension for WindowsStandalone target not found
Native extension for Android target not found
Mono: successfully reloaded assembly
- Finished resetting the current domain, in  1.575 seconds
Domain Reload Profiling: 2021ms
	BeginReloadAssembly (167ms)
		ExecutionOrderSort (0ms)
		DisableScriptedObjects (4ms)
		BackupInstance (0ms)
		ReleaseScriptingObjects (0ms)
		CreateAndSetChildDomain (51ms)
	RebuildCommonClasses (27ms)
	RebuildNativeTypeToScriptingClass (9ms)
	initialDomainReloadingComplete (29ms)
	LoadAllAssembliesAndSetupDomain (213ms)
		LoadAssemblies (282ms)
		RebuildTransferFunctionScriptingTraits (0ms)
		AnalyzeDomain (11ms)
			TypeCache.Refresh (5ms)
				TypeCache.ScanAssembly (0ms)
			ScanForSourceGeneratedMonoScriptInfo (0ms)
			ResolveRequiredComponents (5ms)
	FinalizeReload (1575ms)
		ReleaseScriptCaches (0ms)
		RebuildScriptCaches (0ms)
		SetupLoadedEditorAssemblies (808ms)
			LogAssemblyErrors (0ms)
			InitializePlatformSupportModulesInManaged (26ms)
			SetLoadedEditorAssemblies (4ms)
			RefreshPlugins (0ms)
			BeforeProcessingInitializeOnLoad (125ms)
			ProcessInitializeOnLoadAttributes (585ms)
			ProcessInitializeOnLoadMethodAttributes (39ms)
			AfterProcessingInitializeOnLoad (30ms)
			EditorAssembliesLoaded (0ms)
		ExecutionOrderSort2 (0ms)
		AwakeInstancesAfterBackupRestoration (9ms)
Refreshing native plugins compatible for Editor in 4.97 ms, found 3 plugins.
Preloading 0 native plugins for Editor in 0.00 ms.
Unloading 3146 Unused Serialized files (Serialized files now loaded: 0)
Unloading 14 unused Assets / (28.5 KB). Loaded Objects now: 3670.
Memory consumption went from 126.0 MB to 126.0 MB.
Total: 5.518200 ms (FindLiveObjects: 0.281200 ms CreateObjectMapping: 0.097900 ms MarkObjects: 5.029400 ms  DeleteObjects: 0.108700 ms)

Prepare: number of updated asset objects reloaded= 0
AssetImportParameters requested are different than current active one (requested -> active):
  custom:container-demuxer-ogg: 62fdf1f143b41e24485cea50d1cbac27 -> 
  custom:video-codec-MediaFoundation-h265: 746d11721c4dcdbdad8f713fa42b33f4 -> 
  custom:video-decoder-ogg-theora: a1e56fd34408186e4bbccfd4996cb3dc -> 
  custom:framework-win-MediaFoundation: 216162199b28c13a410421893ffa2e32 -> 
  custom:CustomObjectIndexerAttribute: 9a22284fe3817be447336de3de66b15e -> 
  custom:container-demuxer-webm: 4f35f7cbe854078d1ac9338744f61a02 -> 
  custom:container-muxer-webm: aa71ff27fc2769a1b78a27578f13a17b -> 
  custom:video-decoder-webm-vp8: 9c59270c3fd7afecdb556c50c9e8de78 -> 
  custom:SearchIndexIgnoredProperties: e643bd26f0fe6173181afceb89e7c659 -> 
  custom:AudioImporter_EditorPlatform: d09bf68614088b80899f8185d706f6e7 -> 
  custom:video-encoder-webm-vp8: eb34c28f22e8b96e1ab97ce403110664 -> 
  custom:audio-decoder-ogg-vorbis: bf7c407c2cedff20999df2af8eb42d56 -> 
  custom:audio-encoder-webm-vorbis: bf7c407c2cedff20999df2af8eb42d56 -> 
========================================================================
Received Prepare
Caller must complete domain reload
Begin MonoManager ReloadAssembly
- Loaded All Assemblies, in  0.557 seconds
Native extension for WindowsStandalone target not found
Native extension for Android target not found
Mono: successfully reloaded assembly
- Finished resetting the current domain, in  1.582 seconds
Domain Reload Profiling: 2135ms
	BeginReloadAssembly (169ms)
		ExecutionOrderSort (0ms)
		DisableScriptedObjects (4ms)
		BackupInstance (0ms)
		ReleaseScriptingObjects (0ms)
		CreateAndSetChildDomain (29ms)
	RebuildCommonClasses (31ms)
	RebuildNativeTypeToScriptingClass (9ms)
	initialDomainReloadingComplete (54ms)
	LoadAllAssembliesAndSetupDomain (289ms)
		LoadAssemblies (382ms)
		RebuildTransferFunctionScriptingTraits (0ms)
		AnalyzeDomain (12ms)
			TypeCache.Refresh (4ms)
				TypeCache.ScanAssembly (0ms)
			ScanForSourceGeneratedMonoScriptInfo (0ms)
			ResolveRequiredComponents (5ms)
	FinalizeReload (1583ms)
		ReleaseScriptCaches (0ms)
		RebuildScriptCaches (0ms)
		SetupLoadedEditorAssemblies (733ms)
			LogAssemblyErrors (0ms)
			InitializePlatformSupportModulesInManaged (31ms)
			SetLoadedEditorAssemblies (5ms)
			RefreshPlugins (0ms)
			BeforeProcessingInitializeOnLoad (125ms)
			ProcessInitializeOnLoadAttributes (506ms)
			ProcessInitializeOnLoadMethodAttributes (55ms)
			AfterProcessingInitializeOnLoad (11ms)
			EditorAssembliesLoaded (0ms)
		ExecutionOrderSort2 (0ms)
		AwakeInstancesAfterBackupRestoration (8ms)
Refreshing native plugins compatible for Editor in 7.10 ms, found 3 plugins.
Preloading 0 native plugins for Editor in 0.00 ms.
Unloading 3147 Unused Serialized files (Serialized files now loaded: 0)
Unloading 14 unused Assets / (28.5 KB). Loaded Objects now: 3673.
Memory consumption went from 126.3 MB to 126.3 MB.
Total: 7.827300 ms (FindLiveObjects: 0.973200 ms CreateObjectMapping: 0.398100 ms MarkObjects: 6.389500 ms  DeleteObjects: 0.064600 ms)

Prepare: number of updated asset objects reloaded= 0
AssetImportParameters requested are different than current active one (requested -> active):
  custom:container-demuxer-ogg: 62fdf1f143b41e24485cea50d1cbac27 -> 
  custom:video-codec-MediaFoundation-h265: 746d11721c4dcdbdad8f713fa42b33f4 -> 
  custom:video-decoder-ogg-theora: a1e56fd34408186e4bbccfd4996cb3dc -> 
  custom:framework-win-MediaFoundation: 216162199b28c13a410421893ffa2e32 -> 
  custom:CustomObjectIndexerAttribute: 9a22284fe3817be447336de3de66b15e -> 
  custom:container-demuxer-webm: 4f35f7cbe854078d1ac9338744f61a02 -> 
  custom:container-muxer-webm: aa71ff27fc2769a1b78a27578f13a17b -> 
  custom:video-decoder-webm-vp8: 9c59270c3fd7afecdb556c50c9e8de78 -> 
  custom:SearchIndexIgnoredProperties: e643bd26f0fe6173181afceb89e7c659 -> 
  custom:AudioImporter_EditorPlatform: d09bf68614088b80899f8185d706f6e7 -> 
  custom:video-encoder-webm-vp8: eb34c28f22e8b96e1ab97ce403110664 -> 
  custom:audio-decoder-ogg-vorbis: bf7c407c2cedff20999df2af8eb42d56 -> 
  custom:audio-encoder-webm-vorbis: bf7c407c2cedff20999df2af8eb42d56 -> 
========================================================================
Received Prepare
Caller must complete domain reload
Begin MonoManager ReloadAssembly
- Loaded All Assemblies, in  0.467 seconds
Native extension for WindowsStandalone target not found
Native extension for Android target not found
Mono: successfully reloaded assembly
- Finished resetting the current domain, in  1.832 seconds
Domain Reload Profiling: 2297ms
	BeginReloadAssembly (160ms)
		ExecutionOrderSort (0ms)
		DisableScriptedObjects (4ms)
		BackupInstance (0ms)
		ReleaseScriptingObjects (0ms)
		CreateAndSetChildDomain (28ms)
	RebuildCommonClasses (28ms)
	RebuildNativeTypeToScriptingClass (9ms)
	initialDomainReloadingComplete (31ms)
	LoadAllAssembliesAndSetupDomain (237ms)
		LoadAssemblies (310ms)
		RebuildTransferFunctionScriptingTraits (0ms)
		AnalyzeDomain (23ms)
			TypeCache.Refresh (6ms)
				TypeCache.ScanAssembly (0ms)
			ScanForSourceGeneratedMonoScriptInfo (0ms)
			ResolveRequiredComponents (5ms)
	FinalizeReload (1832ms)
		ReleaseScriptCaches (0ms)
		RebuildScriptCaches (0ms)
		SetupLoadedEditorAssemblies (782ms)
			LogAssemblyErrors (0ms)
			InitializePlatformSupportModulesInManaged (26ms)
			SetLoadedEditorAssemblies (6ms)
			RefreshPlugins (0ms)
			BeforeProcessingInitializeOnLoad (129ms)
			ProcessInitializeOnLoadAttributes (554ms)
			ProcessInitializeOnLoadMethodAttributes (36ms)
			AfterProcessingInitializeOnLoad (30ms)
			EditorAssembliesLoaded (0ms)
		ExecutionOrderSort2 (0ms)
		AwakeInstancesAfterBackupRestoration (10ms)
Refreshing native plugins compatible for Editor in 7.70 ms, found 3 plugins.
Preloading 0 native plugins for Editor in 0.00 ms.
Unloading 3147 Unused Serialized files (Serialized files now loaded: 0)
Unloading 14 unused Assets / (28.5 KB). Loaded Objects now: 3676.
Memory consumption went from 126.3 MB to 126.3 MB.
Total: 5.895400 ms (FindLiveObjects: 0.560700 ms CreateObjectMapping: 0.156500 ms MarkObjects: 5.075900 ms  DeleteObjects: 0.101000 ms)

Prepare: number of updated asset objects reloaded= 0
AssetImportParameters requested are different than current active one (requested -> active):
  custom:container-demuxer-ogg: 62fdf1f143b41e24485cea50d1cbac27 -> 
  custom:video-codec-MediaFoundation-h265: 746d11721c4dcdbdad8f713fa42b33f4 -> 
  custom:video-decoder-ogg-theora: a1e56fd34408186e4bbccfd4996cb3dc -> 
  custom:framework-win-MediaFoundation: 216162199b28c13a410421893ffa2e32 -> 
  custom:CustomObjectIndexerAttribute: 9a22284fe3817be447336de3de66b15e -> 
  custom:container-demuxer-webm: 4f35f7cbe854078d1ac9338744f61a02 -> 
  custom:container-muxer-webm: aa71ff27fc2769a1b78a27578f13a17b -> 
  custom:video-decoder-webm-vp8: 9c59270c3fd7afecdb556c50c9e8de78 -> 
  custom:SearchIndexIgnoredProperties: e643bd26f0fe6173181afceb89e7c659 -> 
  custom:AudioImporter_EditorPlatform: d09bf68614088b80899f8185d706f6e7 -> 
  custom:video-encoder-webm-vp8: eb34c28f22e8b96e1ab97ce403110664 -> 
  custom:audio-decoder-ogg-vorbis: bf7c407c2cedff20999df2af8eb42d56 -> 
  custom:audio-encoder-webm-vorbis: bf7c407c2cedff20999df2af8eb42d56 -> 
========================================================================
Received Prepare
Caller must complete domain reload
Begin MonoManager ReloadAssembly
- Loaded All Assemblies, in  0.456 seconds
Native extension for WindowsStandalone target not found
Native extension for Android target not found
Mono: successfully reloaded assembly
- Finished resetting the current domain, in  1.862 seconds
Domain Reload Profiling: 2314ms
	BeginReloadAssembly (145ms)
		ExecutionOrderSort (0ms)
		DisableScriptedObjects (4ms)
		BackupInstance (0ms)
		ReleaseScriptingObjects (0ms)
		CreateAndSetChildDomain (29ms)
	RebuildCommonClasses (28ms)
	RebuildNativeTypeToScriptingClass (9ms)
	initialDomainReloadingComplete (30ms)
	LoadAllAssembliesAndSetupDomain (240ms)
		LoadAssemblies (309ms)
		RebuildTransferFunctionScriptingTraits (0ms)
		AnalyzeDomain (14ms)
			TypeCache.Refresh (5ms)
				TypeCache.ScanAssembly (0ms)
			ScanForSourceGeneratedMonoScriptInfo (0ms)
			ResolveRequiredComponents (6ms)
	FinalizeReload (1862ms)
		ReleaseScriptCaches (0ms)
		RebuildScriptCaches (0ms)
		SetupLoadedEditorAssemblies (754ms)
			LogAssemblyErrors (0ms)
			InitializePlatformSupportModulesInManaged (31ms)
			SetLoadedEditorAssemblies (4ms)
			RefreshPlugins (0ms)
			BeforeProcessingInitializeOnLoad (110ms)
			ProcessInitializeOnLoadAttributes (542ms)
			ProcessInitializeOnLoadMethodAttributes (56ms)
			AfterProcessingInitializeOnLoad (11ms)
			EditorAssembliesLoaded (0ms)
		ExecutionOrderSort2 (0ms)
		AwakeInstancesAfterBackupRestoration (10ms)
Refreshing native plugins compatible for Editor in 4.02 ms, found 3 plugins.
Preloading 0 native plugins for Editor in 0.00 ms.
Unloading 3147 Unused Serialized files (Serialized files now loaded: 0)
Unloading 14 unused Assets / (28.5 KB). Loaded Objects now: 3679.
Memory consumption went from 126.3 MB to 126.3 MB.
Total: 2.698000 ms (FindLiveObjects: 0.253700 ms CreateObjectMapping: 0.112100 ms MarkObjects: 2.294900 ms  DeleteObjects: 0.036300 ms)

Prepare: number of updated asset objects reloaded= 0
AssetImportParameters requested are different than current active one (requested -> active):
  custom:container-demuxer-ogg: 62fdf1f143b41e24485cea50d1cbac27 -> 
  custom:video-codec-MediaFoundation-h265: 746d11721c4dcdbdad8f713fa42b33f4 -> 
  custom:video-decoder-ogg-theora: a1e56fd34408186e4bbccfd4996cb3dc -> 
  custom:framework-win-MediaFoundation: 216162199b28c13a410421893ffa2e32 -> 
  custom:CustomObjectIndexerAttribute: 9a22284fe3817be447336de3de66b15e -> 
  custom:container-demuxer-webm: 4f35f7cbe854078d1ac9338744f61a02 -> 
  custom:container-muxer-webm: aa71ff27fc2769a1b78a27578f13a17b -> 
  custom:video-decoder-webm-vp8: 9c59270c3fd7afecdb556c50c9e8de78 -> 
  custom:SearchIndexIgnoredProperties: e643bd26f0fe6173181afceb89e7c659 -> 
  custom:AudioImporter_EditorPlatform: d09bf68614088b80899f8185d706f6e7 -> 
  custom:video-encoder-webm-vp8: eb34c28f22e8b96e1ab97ce403110664 -> 
  custom:audio-decoder-ogg-vorbis: bf7c407c2cedff20999df2af8eb42d56 -> 
  custom:audio-encoder-webm-vorbis: bf7c407c2cedff20999df2af8eb42d56 -> 
========================================================================
Received Prepare
Caller must complete domain reload
Begin MonoManager ReloadAssembly
- Loaded All Assemblies, in  0.508 seconds
Native extension for WindowsStandalone target not found
Native extension for Android target not found
Mono: successfully reloaded assembly
- Finished resetting the current domain, in  1.839 seconds
Domain Reload Profiling: 2343ms
	BeginReloadAssembly (171ms)
		ExecutionOrderSort (0ms)
		DisableScriptedObjects (23ms)
		BackupInstance (0ms)
		ReleaseScriptingObjects (0ms)
		CreateAndSetChildDomain (31ms)
	RebuildCommonClasses (29ms)
	RebuildNativeTypeToScriptingClass (9ms)
	initialDomainReloadingComplete (53ms)
	LoadAllAssembliesAndSetupDomain (242ms)
		LoadAssemblies (314ms)
		RebuildTransferFunctionScriptingTraits (0ms)
		AnalyzeDomain (11ms)
			TypeCache.Refresh (5ms)
				TypeCache.ScanAssembly (0ms)
			ScanForSourceGeneratedMonoScriptInfo (0ms)
			ResolveRequiredComponents (5ms)
	FinalizeReload (1839ms)
		ReleaseScriptCaches (0ms)
		RebuildScriptCaches (0ms)
		SetupLoadedEditorAssemblies (760ms)
			LogAssemblyErrors (0ms)
			InitializePlatformSupportModulesInManaged (29ms)
			SetLoadedEditorAssemblies (4ms)
			RefreshPlugins (0ms)
			BeforeProcessingInitializeOnLoad (124ms)
			ProcessInitializeOnLoadAttributes (554ms)
			ProcessInitializeOnLoadMethodAttributes (36ms)
			AfterProcessingInitializeOnLoad (11ms)
			EditorAssembliesLoaded (1ms)
		ExecutionOrderSort2 (0ms)
		AwakeInstancesAfterBackupRestoration (10ms)
Refreshing native plugins compatible for Editor in 6.92 ms, found 3 plugins.
Preloading 0 native plugins for Editor in 0.00 ms.
Unloading 3147 Unused Serialized files (Serialized files now loaded: 0)
Unloading 14 unused Assets / (28.5 KB). Loaded Objects now: 3682.
Memory consumption went from 126.3 MB to 126.3 MB.
Total: 6.366700 ms (FindLiveObjects: 0.713800 ms CreateObjectMapping: 0.123500 ms MarkObjects: 5.392600 ms  DeleteObjects: 0.134900 ms)

Prepare: number of updated asset objects reloaded= 0
AssetImportParameters requested are different than current active one (requested -> active):
  custom:container-demuxer-ogg: 62fdf1f143b41e24485cea50d1cbac27 -> 
  custom:video-codec-MediaFoundation-h265: 746d11721c4dcdbdad8f713fa42b33f4 -> 
  custom:video-decoder-ogg-theora: a1e56fd34408186e4bbccfd4996cb3dc -> 
  custom:framework-win-MediaFoundation: 216162199b28c13a410421893ffa2e32 -> 
  custom:CustomObjectIndexerAttribute: 9a22284fe3817be447336de3de66b15e -> 
  custom:container-demuxer-webm: 4f35f7cbe854078d1ac9338744f61a02 -> 
  custom:container-muxer-webm: aa71ff27fc2769a1b78a27578f13a17b -> 
  custom:video-decoder-webm-vp8: 9c59270c3fd7afecdb556c50c9e8de78 -> 
  custom:SearchIndexIgnoredProperties: e643bd26f0fe6173181afceb89e7c659 -> 
  custom:AudioImporter_EditorPlatform: d09bf68614088b80899f8185d706f6e7 -> 
  custom:video-encoder-webm-vp8: eb34c28f22e8b96e1ab97ce403110664 -> 
  custom:audio-decoder-ogg-vorbis: bf7c407c2cedff20999df2af8eb42d56 -> 
  custom:audio-encoder-webm-vorbis: bf7c407c2cedff20999df2af8eb42d56 -> 
========================================================================
Received Prepare
Caller must complete domain reload
Begin MonoManager ReloadAssembly
- Loaded All Assemblies, in  0.450 seconds
Native extension for WindowsStandalone target not found
Native extension for Android target not found
Mono: successfully reloaded assembly
- Finished resetting the current domain, in  1.967 seconds
Domain Reload Profiling: 2414ms
	BeginReloadAssembly (155ms)
		ExecutionOrderSort (0ms)
		DisableScriptedObjects (4ms)
		BackupInstance (0ms)
		ReleaseScriptingObjects (0ms)
		CreateAndSetChildDomain (28ms)
	RebuildCommonClasses (29ms)
	RebuildNativeTypeToScriptingClass (9ms)
	initialDomainReloadingComplete (30ms)
	LoadAllAssembliesAndSetupDomain (224ms)
		LoadAssemblies (291ms)
		RebuildTransferFunctionScriptingTraits (0ms)
		AnalyzeDomain (12ms)
			TypeCache.Refresh (5ms)
				TypeCache.ScanAssembly (0ms)
			ScanForSourceGeneratedMonoScriptInfo (0ms)
			ResolveRequiredComponents (5ms)
	FinalizeReload (1968ms)
		ReleaseScriptCaches (0ms)
		RebuildScriptCaches (0ms)
		SetupLoadedEditorAssemblies (855ms)
			LogAssemblyErrors (0ms)
			InitializePlatformSupportModulesInManaged (31ms)
			SetLoadedEditorAssemblies (5ms)
			RefreshPlugins (0ms)
			BeforeProcessingInitializeOnLoad (119ms)
			ProcessInitializeOnLoadAttributes (634ms)
			ProcessInitializeOnLoadMethodAttributes (53ms)
			AfterProcessingInitializeOnLoad (12ms)
			EditorAssembliesLoaded (0ms)
		ExecutionOrderSort2 (0ms)
		AwakeInstancesAfterBackupRestoration (9ms)
Refreshing native plugins compatible for Editor in 17.07 ms, found 3 plugins.
Preloading 0 native plugins for Editor in 0.00 ms.
Unloading 3147 Unused Serialized files (Serialized files now loaded: 0)
Unloading 14 unused Assets / (28.5 KB). Loaded Objects now: 3685.
Memory consumption went from 126.3 MB to 126.3 MB.
Total: 6.555000 ms (FindLiveObjects: 0.739300 ms CreateObjectMapping: 0.134500 ms MarkObjects: 5.531400 ms  DeleteObjects: 0.148200 ms)

Prepare: number of updated asset objects reloaded= 0
AssetImportParameters requested are different than current active one (requested -> active):
  custom:container-demuxer-ogg: 62fdf1f143b41e24485cea50d1cbac27 -> 
  custom:video-codec-MediaFoundation-h265: 746d11721c4dcdbdad8f713fa42b33f4 -> 
  custom:video-decoder-ogg-theora: a1e56fd34408186e4bbccfd4996cb3dc -> 
  custom:framework-win-MediaFoundation: 216162199b28c13a410421893ffa2e32 -> 
  custom:CustomObjectIndexerAttribute: 9a22284fe3817be447336de3de66b15e -> 
  custom:container-demuxer-webm: 4f35f7cbe854078d1ac9338744f61a02 -> 
  custom:container-muxer-webm: aa71ff27fc2769a1b78a27578f13a17b -> 
  custom:video-decoder-webm-vp8: 9c59270c3fd7afecdb556c50c9e8de78 -> 
  custom:SearchIndexIgnoredProperties: e643bd26f0fe6173181afceb89e7c659 -> 
  custom:AudioImporter_EditorPlatform: d09bf68614088b80899f8185d706f6e7 -> 
  custom:video-encoder-webm-vp8: eb34c28f22e8b96e1ab97ce403110664 -> 
  custom:audio-decoder-ogg-vorbis: bf7c407c2cedff20999df2af8eb42d56 -> 
  custom:audio-encoder-webm-vorbis: bf7c407c2cedff20999df2af8eb42d56 -> 
========================================================================
Received Prepare
Caller must complete domain reload
Begin MonoManager ReloadAssembly
- Loaded All Assemblies, in  0.421 seconds
Native extension for WindowsStandalone target not found
Native extension for Android target not found
Mono: successfully reloaded assembly
- Finished resetting the current domain, in  1.796 seconds
Domain Reload Profiling: 2214ms
	BeginReloadAssembly (138ms)
		ExecutionOrderSort (0ms)
		DisableScriptedObjects (4ms)
		BackupInstance (0ms)
		ReleaseScriptingObjects (0ms)
		CreateAndSetChildDomain (27ms)
	RebuildCommonClasses (28ms)
	RebuildNativeTypeToScriptingClass (9ms)
	initialDomainReloadingComplete (31ms)
	LoadAllAssembliesAndSetupDomain (212ms)
		LoadAssemblies (276ms)
		RebuildTransferFunctionScriptingTraits (0ms)
		AnalyzeDomain (13ms)
			TypeCache.Refresh (5ms)
				TypeCache.ScanAssembly (0ms)
			ScanForSourceGeneratedMonoScriptInfo (0ms)
			ResolveRequiredComponents (6ms)
	FinalizeReload (1797ms)
		ReleaseScriptCaches (0ms)
		RebuildScriptCaches (0ms)
		SetupLoadedEditorAssemblies (882ms)
			LogAssemblyErrors (0ms)
			InitializePlatformSupportModulesInManaged (44ms)
			SetLoadedEditorAssemblies (5ms)
			RefreshPlugins (0ms)
			BeforeProcessingInitializeOnLoad (120ms)
			ProcessInitializeOnLoadAttributes (647ms)
			ProcessInitializeOnLoadMethodAttributes (54ms)
			AfterProcessingInitializeOnLoad (12ms)
			EditorAssembliesLoaded (0ms)
		ExecutionOrderSort2 (0ms)
		AwakeInstancesAfterBackupRestoration (10ms)
Refreshing native plugins compatible for Editor in 24.51 ms, found 3 plugins.
Preloading 0 native plugins for Editor in 0.00 ms.
Unloading 3147 Unused Serialized files (Serialized files now loaded: 0)
Unloading 14 unused Assets / (28.5 KB). Loaded Objects now: 3688.
Memory consumption went from 126.3 MB to 126.3 MB.
Total: 6.801800 ms (FindLiveObjects: 0.706200 ms CreateObjectMapping: 0.180000 ms MarkObjects: 5.765900 ms  DeleteObjects: 0.147300 ms)

Prepare: number of updated asset objects reloaded= 0
AssetImportParameters requested are different than current active one (requested -> active):
  custom:container-demuxer-ogg: 62fdf1f143b41e24485cea50d1cbac27 -> 
  custom:video-codec-MediaFoundation-h265: 746d11721c4dcdbdad8f713fa42b33f4 -> 
  custom:video-decoder-ogg-theora: a1e56fd34408186e4bbccfd4996cb3dc -> 
  custom:framework-win-MediaFoundation: 216162199b28c13a410421893ffa2e32 -> 
  custom:CustomObjectIndexerAttribute: 9a22284fe3817be447336de3de66b15e -> 
  custom:container-demuxer-webm: 4f35f7cbe854078d1ac9338744f61a02 -> 
  custom:container-muxer-webm: aa71ff27fc2769a1b78a27578f13a17b -> 
  custom:video-decoder-webm-vp8: 9c59270c3fd7afecdb556c50c9e8de78 -> 
  custom:SearchIndexIgnoredProperties: e643bd26f0fe6173181afceb89e7c659 -> 
  custom:AudioImporter_EditorPlatform: d09bf68614088b80899f8185d706f6e7 -> 
  custom:video-encoder-webm-vp8: eb34c28f22e8b96e1ab97ce403110664 -> 
  custom:audio-decoder-ogg-vorbis: bf7c407c2cedff20999df2af8eb42d56 -> 
  custom:audio-encoder-webm-vorbis: bf7c407c2cedff20999df2af8eb42d56 -> 
========================================================================
Received Prepare
Caller must complete domain reload
Begin MonoManager ReloadAssembly
- Loaded All Assemblies, in  0.447 seconds
Native extension for WindowsStandalone target not found
Native extension for Android target not found
Mono: successfully reloaded assembly
- Finished resetting the current domain, in  1.911 seconds
Domain Reload Profiling: 2355ms
	BeginReloadAssembly (143ms)
		ExecutionOrderSort (0ms)
		DisableScriptedObjects (4ms)
		BackupInstance (0ms)
		ReleaseScriptingObjects (0ms)
		CreateAndSetChildDomain (32ms)
	RebuildCommonClasses (37ms)
	RebuildNativeTypeToScriptingClass (9ms)
	initialDomainReloadingComplete (31ms)
	LoadAllAssembliesAndSetupDomain (224ms)
		LoadAssemblies (288ms)
		RebuildTransferFunctionScriptingTraits (0ms)
		AnalyzeDomain (13ms)
			TypeCache.Refresh (6ms)
				TypeCache.ScanAssembly (0ms)
			ScanForSourceGeneratedMonoScriptInfo (0ms)
			ResolveRequiredComponents (5ms)
	FinalizeReload (1912ms)
		ReleaseScriptCaches (0ms)
		RebuildScriptCaches (0ms)
		SetupLoadedEditorAssemblies (862ms)
			LogAssemblyErrors (0ms)
			InitializePlatformSupportModulesInManaged (48ms)
			SetLoadedEditorAssemblies (5ms)
			RefreshPlugins (0ms)
			BeforeProcessingInitializeOnLoad (108ms)
			ProcessInitializeOnLoadAttributes (635ms)
			ProcessInitializeOnLoadMethodAttributes (54ms)
			AfterProcessingInitializeOnLoad (12ms)
			EditorAssembliesLoaded (0ms)
		ExecutionOrderSort2 (0ms)
		AwakeInstancesAfterBackupRestoration (9ms)
Refreshing native plugins compatible for Editor in 27.35 ms, found 3 plugins.
Preloading 0 native plugins for Editor in 0.00 ms.
Unloading 3147 Unused Serialized files (Serialized files now loaded: 0)
Unloading 14 unused Assets / (28.5 KB). Loaded Objects now: 3691.
Memory consumption went from 126.3 MB to 126.3 MB.
Total: 6.355100 ms (FindLiveObjects: 0.571200 ms CreateObjectMapping: 0.133500 ms MarkObjects: 5.511900 ms  DeleteObjects: 0.135600 ms)

Prepare: number of updated asset objects reloaded= 0
AssetImportParameters requested are different than current active one (requested -> active):
  custom:container-demuxer-ogg: 62fdf1f143b41e24485cea50d1cbac27 -> 
  custom:video-codec-MediaFoundation-h265: 746d11721c4dcdbdad8f713fa42b33f4 -> 
  custom:video-decoder-ogg-theora: a1e56fd34408186e4bbccfd4996cb3dc -> 
  custom:framework-win-MediaFoundation: 216162199b28c13a410421893ffa2e32 -> 
  custom:CustomObjectIndexerAttribute: 9a22284fe3817be447336de3de66b15e -> 
  custom:container-demuxer-webm: 4f35f7cbe854078d1ac9338744f61a02 -> 
  custom:container-muxer-webm: aa71ff27fc2769a1b78a27578f13a17b -> 
  custom:video-decoder-webm-vp8: 9c59270c3fd7afecdb556c50c9e8de78 -> 
  custom:SearchIndexIgnoredProperties: e643bd26f0fe6173181afceb89e7c659 -> 
  custom:AudioImporter_EditorPlatform: d09bf68614088b80899f8185d706f6e7 -> 
  custom:video-encoder-webm-vp8: eb34c28f22e8b96e1ab97ce403110664 -> 
  custom:audio-decoder-ogg-vorbis: bf7c407c2cedff20999df2af8eb42d56 -> 
  custom:audio-encoder-webm-vorbis: bf7c407c2cedff20999df2af8eb42d56 -> 
========================================================================
Received Import Request.
  Time since last request: 756.292281 seconds.
  path: Packages/com.unity.collab-proxy/Editor/Assets/Images/d_iconcheckedoutlocaloverlay@2x.png
  artifactKey: Guid(8d98ab6168c3e91439339f1908b8fe97) Importer(815301076,1909f56bfc062723c751e8b465ee728b)
Start importing Packages/com.unity.collab-proxy/Editor/Assets/Images/d_iconcheckedoutlocaloverlay@2x.png using Guid(8d98ab6168c3e91439339f1908b8fe97) Importer(815301076,1909f56bfc062723c751e8b465ee728b) [PhysX] Initialized MultithreadedTaskDispatcher with 16 workers.
[PhysX] Initialized MultithreadedTaskDispatcher with 16 workers.
 -> (artifact id: 'e85a3b435d2bf1f21484fe2c5ee46524') in 0.056165 seconds
Number of updated asset objects reloaded before import = 0
Number of asset objects unloaded after import = 2
========================================================================
Received Import Request.
  Time since last request: 0.000122 seconds.
  path: Packages/com.unity.collab-proxy/Editor/Assets/Images/d_iconconflictedoverlay.png
  artifactKey: Guid(a892bcc7ae1871447926b3c44d158763) Importer(815301076,1909f56bfc062723c751e8b465ee728b)
Start importing Packages/com.unity.collab-proxy/Editor/Assets/Images/d_iconconflictedoverlay.png using Guid(a892bcc7ae1871447926b3c44d158763) Importer(815301076,1909f56bfc062723c751e8b465ee728b) [PhysX] Initialized MultithreadedTaskDispatcher with 16 workers.
[PhysX] Initialized MultithreadedTaskDispatcher with 16 workers.
 -> (artifact id: '530bc0612912751641597988b67f89d9') in 0.015695 seconds
Number of updated asset objects reloaded before import = 0
Number of asset objects unloaded after import = 2
========================================================================
Received Import Request.
  Time since last request: 0.000036 seconds.
  path: Packages/com.unity.collab-proxy/Editor/Assets/Images/d_iconconflictresolvedoverlay.png
  artifactKey: Guid(056ee72c467a4e24d87541d42839ca72) Importer(815301076,1909f56bfc062723c751e8b465ee728b)
Start importing Packages/com.unity.collab-proxy/Editor/Assets/Images/d_iconconflictresolvedoverlay.png using Guid(056ee72c467a4e24d87541d42839ca72) Importer(815301076,1909f56bfc062723c751e8b465ee728b) [PhysX] Initialized MultithreadedTaskDispatcher with 16 workers.
[PhysX] Initialized MultithreadedTaskDispatcher with 16 workers.
 -> (artifact id: 'c720fbb03fa6ca5e63a59034e28f1df2') in 0.016086 seconds
Number of updated asset objects reloaded before import = 0
Number of asset objects unloaded after import = 2
========================================================================
Received Import Request.
  Time since last request: 0.000023 seconds.
  path: Packages/com.unity.collab-proxy/Editor/Assets/Images/iconcheckedoutlocaloverlay@2x.png
  artifactKey: Guid(3999034958d54364da380a8839a11050) Importer(815301076,1909f56bfc062723c751e8b465ee728b)
Start importing Packages/com.unity.collab-proxy/Editor/Assets/Images/iconcheckedoutlocaloverlay@2x.png using Guid(3999034958d54364da380a8839a11050) Importer(815301076,1909f56bfc062723c751e8b465ee728b) [PhysX] Initialized MultithreadedTaskDispatcher with 16 workers.
[PhysX] Initialized MultithreadedTaskDispatcher with 16 workers.
 -> (artifact id: '7551f115ac7e7ad85ac2841832b0581b') in 0.014435 seconds
Number of updated asset objects reloaded before import = 0
Number of asset objects unloaded after import = 2
========================================================================
Received Import Request.
  Time since last request: 0.000042 seconds.
  path: Packages/com.unity.collab-proxy/Editor/Assets/Images/iconclosebutton.png
  artifactKey: Guid(13527793884104b46b7446fd7464c3ed) Importer(815301076,1909f56bfc062723c751e8b465ee728b)
Start importing Packages/com.unity.collab-proxy/Editor/Assets/Images/iconclosebutton.png using Guid(13527793884104b46b7446fd7464c3ed) Importer(815301076,1909f56bfc062723c751e8b465ee728b) [PhysX] Initialized MultithreadedTaskDispatcher with 16 workers.
[PhysX] Initialized MultithreadedTaskDispatcher with 16 workers.
 -> (artifact id: '0436ebaa955f0e7751d156711d78ac9c') in 0.029721 seconds
Number of updated asset objects reloaded before import = 0
Number of asset objects unloaded after import = 2
========================================================================
Received Import Request.
  Time since last request: 0.000029 seconds.
  path: Packages/com.unity.collab-proxy/Editor/Assets/Images/iconconflicted@2x.png
  artifactKey: Guid(f95f697d66d238446b1ab717def09945) Importer(815301076,1909f56bfc062723c751e8b465ee728b)
Start importing Packages/com.unity.collab-proxy/Editor/Assets/Images/iconconflicted@2x.png using Guid(f95f697d66d238446b1ab717def09945) Importer(815301076,1909f56bfc062723c751e8b465ee728b) [PhysX] Initialized MultithreadedTaskDispatcher with 16 workers.
[PhysX] Initialized MultithreadedTaskDispatcher with 16 workers.
 -> (artifact id: 'd85b6f8ce7c24197f8a6823014eb30b3') in 0.013111 seconds
Number of updated asset objects reloaded before import = 0
Number of asset objects unloaded after import = 2
========================================================================
Received Import Request.
  Time since last request: 0.000022 seconds.
  path: Packages/com.unity.timeline/Editor/StyleSheets/Images/LightSkin/TimelineIconClipIn.png
  artifactKey: Guid(4171b549947246b4f9579419d5698a7e) Importer(815301076,1909f56bfc062723c751e8b465ee728b)
Start importing Packages/com.unity.timeline/Editor/StyleSheets/Images/LightSkin/TimelineIconClipIn.png using Guid(4171b549947246b4f9579419d5698a7e) Importer(815301076,1909f56bfc062723c751e8b465ee728b) [PhysX] Initialized MultithreadedTaskDispatcher with 16 workers.
[PhysX] Initialized MultithreadedTaskDispatcher with 16 workers.
 -> (artifact id: '5eedd5de83f47dc760ed50d35c854713') in 0.014122 seconds
Number of updated asset objects reloaded before import = 0
Number of asset objects unloaded after import = 2
========================================================================
Received Import Request.
  Time since last request: 0.000023 seconds.
  path: Packages/com.unity.timeline/Editor/StyleSheets/Images/DarkSkin/TimelineIconClipOut.png
  artifactKey: Guid(32f7e3598d6414c489127629e29af3f6) Importer(815301076,1909f56bfc062723c751e8b465ee728b)
Start importing Packages/com.unity.timeline/Editor/StyleSheets/Images/DarkSkin/TimelineIconClipOut.png using Guid(32f7e3598d6414c489127629e29af3f6) Importer(815301076,1909f56bfc062723c751e8b465ee728b) [PhysX] Initialized MultithreadedTaskDispatcher with 16 workers.
[PhysX] Initialized MultithreadedTaskDispatcher with 16 workers.
 -> (artifact id: '03af70efdfa85cf2b36d45a490605f35') in 0.020299 seconds
Number of updated asset objects reloaded before import = 0
Number of asset objects unloaded after import = 2
========================================================================
Received Import Request.
  Time since last request: 0.000061 seconds.
  path: Packages/com.unity.collab-proxy/Editor/Assets/Images/iconconflictedoverlay@2x.png
  artifactKey: Guid(5679a74364f6b4440ab7e7aed55cd95e) Importer(815301076,1909f56bfc062723c751e8b465ee728b)
Start importing Packages/com.unity.collab-proxy/Editor/Assets/Images/iconconflictedoverlay@2x.png using Guid(5679a74364f6b4440ab7e7aed55cd95e) Importer(815301076,1909f56bfc062723c751e8b465ee728b) [PhysX] Initialized MultithreadedTaskDispatcher with 16 workers.
[PhysX] Initialized MultithreadedTaskDispatcher with 16 workers.
 -> (artifact id: '38fa033dd9696ce0ba25007623b72d48') in 0.051120 seconds
Number of updated asset objects reloaded before import = 0
Number of asset objects unloaded after import = 2
========================================================================
Received Import Request.
  Time since last request: 0.000118 seconds.
  path: Packages/com.unity.collab-proxy/Editor/Assets/Images/d_iconconflictresolvedoverlay@2x.png
  artifactKey: Guid(4a231ba0e81e63849a8f985c228e8acd) Importer(815301076,1909f56bfc062723c751e8b465ee728b)
Start importing Packages/com.unity.collab-proxy/Editor/Assets/Images/d_iconconflictresolvedoverlay@2x.png using Guid(4a231ba0e81e63849a8f985c228e8acd) Importer(815301076,1909f56bfc062723c751e8b465ee728b) [PhysX] Initialized MultithreadedTaskDispatcher with 16 workers.
[PhysX] Initialized MultithreadedTaskDispatcher with 16 workers.
 -> (artifact id: 'd8155c61d03fd213d108ca009e892500') in 0.018809 seconds
Number of updated asset objects reloaded before import = 0
Number of asset objects unloaded after import = 2
========================================================================
Received Import Request.
  Time since last request: 6.858604 seconds.
  path: Assets/Tiles/Cyberpunk Street Assets/Assets - 300 DPI/Concrete ledge - 6x1.png
  artifactKey: Guid(7553ca0cfa2aa10408a87b22a8ac8f81) Importer(815301076,1909f56bfc062723c751e8b465ee728b)
Start importing Assets/Tiles/Cyberpunk Street Assets/Assets - 300 DPI/Concrete ledge - 6x1.png using Guid(7553ca0cfa2aa10408a87b22a8ac8f81) Importer(815301076,1909f56bfc062723c751e8b465ee728b) [PhysX] Initialized MultithreadedTaskDispatcher with 16 workers.
[PhysX] Initialized MultithreadedTaskDispatcher with 16 workers.
 -> (artifact id: '81e6349dacfd7f4db46ccd53328c3a8a') in 0.058184 seconds
Number of updated asset objects reloaded before import = 0
Number of asset objects unloaded after import = 3
Editor requested this worker to shutdown with reason: Scaling down because of idle timeout
TcpMessagingSession - receive error: operation aborted. errorcode: 995, details: De I/O-bewerking is afgebroken vanwege het afsluiten van een thread of vanwege een opdracht van een toepassing.
AssetImportWorker is now disconnected from the server
Process exiting
Exiting without the bug reporter. Application will terminate with return code 0